"幣別","按美元計算(百萬美元)/ 總計","按美元計算(百萬美元)/ 1.活動物；動物產品","按美元計算(百萬美元)/ 2.植物產品","按美元計算(百萬美元)/ (1)食用蔬菜","按美元計算(百萬美元)/ (2)食用果實及堅果","按美元計算(百萬美元)/ 3.動植物油脂","按美元計算(百萬美元)/ (1)調製食品","按美元計算(百萬美元)/ (3)菸及菸葉代用品","按美元計算(百萬美元)/ (1)有機化學品","按美元計算(百萬美元)/ 7.塑膠、橡膠及其製品","按美元計算(百萬美元)/ (1)塑膠原料","按美元計算(百萬美元)/ (2)塑膠製品","按美元計算(百萬美元)/ 8.毛皮及其製品","按美元計算(百萬美元)/ 9.木及木製品","按美元計算(百萬美元)/ 10.紙漿；紙及其製品；印刷品","按美元計算(百萬美元)/ 11.紡織品","按美元計算(百萬美元)/ 13.非金屬礦物製品","按美元計算(百萬美元)/ 14.珠寶及貴金屬製品","按美元計算(百萬美元)/ 15.基本金屬及其製品","按美元計算(百萬美元)/ (1)鋼鐵及其製品","按美元計算(百萬美元)/ (2)其他基本金屬及其製品","按美元計算(百萬美元)/ (1)電子零組件","按美元計算(百萬美元)/ (2)機械","按美元計算(百萬美元)/ (4)資通與視聽產品"
"90年",126608.592,1180.691,276.171,75.12,30.176,31.922,378.778,5.862,1549.812,8025.512,3528.615,3457.442,1001.897,330.353,950.589,12646.779,892.457,157.343,11360.824,6890.602,4470.222,21070.237,10095.668,31388.892
"90年 1月",10064.663,83.655,16.356,4.764,1.771,2.185,25.823,0.451,123.506,579.147,241.137,264.596,65.17,25.386,59.588,893.818,80.888,13.563,988.908,604.905,384.002,2020.548,847.922,2195.441
"90年 2月",10389.157,74.833,19.933,6.643,0.983,2.579,25.194,0.32,118.59,692.113,341.029,270.432,65.123,24.817,75.777,928.074,78.362,8.552,923.307,571.59,351.717,2026.131,766.976,2533.517
"90年 3月",12003.917,88.746,24.503,9.329,1.844,2.309,33.871,0.446,133.077,739.888,316.574,330.479,95.966,30.46,90.731,1166.748,82.938,16.146,1025.172,606.369,418.803,2017.359,923.267,3169.032
"90年 4月",11152.057,116.825,26.718,9.618,3.193,2.727,37.258,0.439,131.943,713.572,310.293,306.888,109.88,30.306,84.834,1194.123,78.376,9.159,1008.749,624.393,384.355,1750.065,936.279,2649.066
"90年 5月",10406.649,108.741,31.924,9.501,7.044,2.425,35.182,1.027,141.115,686.75,298.957,296.003,101.873,28.251,85.358,1195.069,72.784,10.128,958.43,582.491,375.939,1633.433,843.529,2391.574
"90年 6月",10609.009,98.088,28.088,7.186,6.187,2.52,42.392,0.518,148.242,679.312,291.344,296.284,101.24,28.55,85.099,1200.001,72,13.932,933.755,566.332,367.423,1609.709,827.009,2639.662
"90年 7月",10023.783,88.428,29.529,7.757,4.634,2.807,34.974,0.284,126.848,655.643,287.312,280.054,84.361,27.104,78.674,1082.726,67.707,12.594,915.298,557.312,357.985,1496.557,821.921,2513.218
"90年 8月",9773.224,101.399,18.638,7.036,0.69,2.651,28.782,0.179,121.395,692.842,326.308,281.314,73.713,29.127,77.203,1065.234,75.749,15.168,925.31,552.774,372.535,1498.342,784.625,2261.318
"90年 9月",9138.493,102.743,19.025,3.79,0.875,2.586,24.117,0.18,123.087,606.912,274.762,250.874,71.522,24.281,68.279,910.76,66.155,11.931,862.076,527.069,335.007,1544.074,726.788,2146.957
"90年 10月",11862.545,99.89,20.147,2.756,0.986,3.16,33.485,0.188,153.768,743.532,325.149,322.696,79.538,31.791,86.115,1149.202,83.468,14.319,1047.746,618.785,428.961,1903.27,939.483,3125.495
"90年 11月",10515.619,111.14,18.26,3.423,0.951,2.903,27.655,0.851,107.008,605.647,248.257,277.875,75.122,25.342,79.692,927.467,67.71,14.977,849.572,513.962,335.61,1834.269,803.142,2953.078
"90年 12月",10669.476,106.202,23.051,3.317,1.02,3.071,30.043,0.979,121.233,630.153,267.491,279.945,78.387,24.939,79.239,933.557,66.319,16.874,922.502,564.62,357.882,1736.48,874.726,2810.535
"91年",135769.775,1282.267,268.506,69.206,29.625,36.041,348.032,6.696,1882.546,8841.804,4147.386,3554.591,962.452,305.7,1051.91,12163.145,939.591,160.577,12571.668,7828.559,4743.109,23420.472,11564.955,31175.959
"91年 1月",10051.537,101.87,20.781,3.835,0.784,3.203,26.983,0.143,127.162,663.515,304.241,272.507,57.539,26.046,78.248,830.402,72.338,19.953,954.717,602.172,352.545,1730.302,875.272,2349.621
"91年 2月",8303.384,80.104,15.201,3.204,0.604,2.186,18.908,0.328,99.217,513.829,232.666,215.819,40.906,17.748,55.292,659.237,57.706,8.446,705.432,434.464,270.968,1511.496,628.087,2197.477
"91年 3月",11925.107,104.753,24.11,5.16,3.268,3.861,31.117,0.262,137.396,811.517,389.693,316.929,85.174,27.106,91.987,1043.549,82.485,10.494,1082.068,677.833,404.235,1923.836,1000.623,2892.689
"91年 4月",11288.025,100.185,26.527,8.123,5.343,2.956,29.859,0.082,139.817,756.046,334.962,321.554,94.841,26.563,88.106,1088.819,84.97,12.58,1022.716,612.586,410.13,1830.476,983.436,2564.664
"91年 5月",11422.8,100.953,33.562,9.501,4.144,2.982,30.685,0.63,124.594,741.858,318.244,328.856,98.383,26.015,94.327,1141.205,83.236,17.985,1055.417,635.4,420.018,1899.498,1004.418,2485.286
"91年 6月",11652.051,103.44,25.882,8.058,4.876,2.857,38.457,0.09,121.98,765.234,354.532,308.958,92.612,27.216,96.245,1154.983,83.755,14.623,1076.735,678.034,398.702,1926.087,990.56,2572.651
"91年 7月",11581.454,116.576,28.354,8.317,3.993,2.529,32.056,0.275,156.966,772.243,355.832,315.469,87.12,27.315,95.397,1129.378,81.861,14.255,1083.562,662.533,421.029,1957.46,1003.744,2523.14
"91年 8月",11305.274,103.979,21.555,8.719,1.134,2.819,25.691,0.974,206.457,777.252,376.635,300.086,75.259,27.039,92.968,1034.87,80.848,10.192,1060.844,658.908,401.936,2082.959,983.112,2454.49
"91年 9月",11762.875,99.906,19.564,4.965,1.234,3.254,25.8,0.946,204.509,727.379,347.288,287.435,82.641,26.11,86.303,1043.434,77.649,14.772,1098.904,683.514,415.39,2159.367,962.382,2645.993
"91年 10月",11921.957,116.347,16.211,3.04,1.078,2.744,27.538,0.749,181.86,768.739,379.991,294.995,83.341,24.918,95.634,1054.536,76.579,12.676,1087.825,675.9,411.926,2102.264,997.604,2803.328
"91年 11月",12356.73,126.123,17.167,3.268,1.577,3.109,31.506,0.508,189.313,779.442,382.134,299.82,82.374,23.841,90.621,993.022,77.001,10.575,1144.24,737.977,406.263,2169.761,1014.864,2973.498
"91年 12月",12198.581,128.031,19.591,3.016,1.59,3.54,29.433,1.709,193.276,764.75,371.169,292.164,82.262,25.783,86.782,989.711,81.162,14.025,1199.208,769.24,429.968,2126.967,1120.854,2713.123
"92年",151334.45,1380.407,285.656,76.024,41.431,46.908,338.274,18.79,2649.725,10041.719,5075.831,3656.936,933.589,303.688,1105.058,11893.017,994.381,165.595,14386.917,9366.262,5020.655,28406.222,12790.965,30881.232
"92年 1月",10519.126,117.301,20.005,4.42,1.854,2.827,24.887,1.95,171.431,712.558,354.356,261.976,64.067,21.629,70.675,798.274,72.236,8.984,1123.864,737.232,386.631,1877.399,896.576,2177.352
"92年 2月",10210.172,93.329,16.731,4.471,2.195,3.102,18.994,1.19,165.78,723.414,392.409,247.353,52.613,20.081,76.017,785.618,63.904,9.651,946.726,627.857,318.869,1833.358,824.099,2322.169
"92年 3月",13244.704,116.232,31.21,9.739,5.236,3.776,31.241,3.764,189.97,878.53,418.268,341.901,91.483,29.029,103.523,1083.057,90.624,12.038,1324.057,867.681,456.376,2305.22,1161.703,2727.833
"92年 4月",12093.752,122.72,29.318,10.507,6.329,4.249,28.768,2.283,174.513,790.067,362.682,320.358,89.061,25.879,96.479,1040.229,85.686,11.712,1193.893,767.88,426.013,2149.368,1068.951,2386.497
"92年 5月",11745.597,118.261,29.068,10.602,4.679,3.877,32.636,2.553,189.599,814.306,400.897,305.577,96.412,24.564,94.006,1035.325,78.591,12.398,1161.64,748.579,413.062,2127.209,1018.873,2239.576
"92年 6月",12153.952,110.019,27.919,9.011,5.534,4.397,26.003,3.17,287.354,831.318,412.973,301.039,85.435,25.444,91.552,1073.716,85.982,12.536,1135.7,743.502,392.199,2108.665,1063.236,2374.928
"92年 7月",12216.066,120.118,29.035,7.447,4.838,3.31,25.961,1.193,249.5,813.845,404.145,298.082,73.304,24.196,92.271,1022.34,81.294,12.143,1188.003,787.342,400.661,2232.494,1040.918,2362.428
"92年 8月",12960.902,103.709,20.853,5.869,1.849,4.263,26.716,0.719,263.585,879.076,468.909,301.709,66.747,26.384,91.114,994.561,86.641,17.2,1162.669,752.554,410.115,2606.484,1101.739,2571.568
"92年 9月",13242.064,127.293,18.708,3.479,2.995,3.645,25.888,0.797,218.674,804.615,397.882,297.772,71.375,26.212,90.341,998.609,81.755,15.164,1236.534,811.744,424.79,2673.122,1080.825,2693.282
"92年 10月",13714.892,124.389,18.496,2.485,1.606,4.141,29.587,0.269,210.418,933.636,502.998,319.553,76.575,27.411,101.703,1023.128,89.2,14.788,1236.57,777.636,458.935,2787.236,1102.78,2902.381
"92年 11月",14501.431,114.448,21.618,4.474,1.955,4.483,31.83,0.19,264.973,901.165,471.07,314.913,87.221,25.075,99.801,1009.179,87.473,17.481,1298.225,854.889,443.336,2909.02,1163.139,3097.488
"92年 12月",14731.792,112.588,22.695,3.518,2.362,4.838,35.762,0.712,263.929,959.191,489.241,346.703,79.295,27.783,97.577,1028.981,90.995,21.5,1379.034,889.367,489.667,2796.647,1268.125,3025.729
"93年",183631.186,1562.441,288.447,85.495,36.124,52.93,400.68,19.492,4179.593,12651.983,6942.81,4141.617,972.307,331.906,1239.977,12563.513,1224.059,227.738,18425.216,12011.1,6414.116,37415.041,15385.161,31611.1
"93年 1月",12448.066,97.019,20.516,4.417,2.512,3.532,26.595,1.529,256.698,838.101,457.544,277.79,50.353,22.2,80.84,808.878,77.699,16.118,1152.945,744.929,408.017,2549.634,1021.539,2367.541
"93年 2月",13894.179,111.407,20.009,6.157,1.393,4.578,28.773,1.549,292.35,921.07,497.149,307.854,60.63,23.347,98.819,923.262,84.981,18.918,1284.653,846.327,438.326,2909.511,1113.24,2623.313
"93年 3月",15529.974,121.275,27.842,10.726,2.34,4.554,36.758,3.045,310.572,1030.876,525.524,374.089,83.654,30.263,105.133,1101.339,101.172,18.947,1488.691,947.529,541.161,2968.349,1326.794,2929.277
"93年 4月",14824.711,119.62,28.258,12.593,3.151,4.435,34.915,1.245,336.464,999.875,533.451,344.904,95.405,29.368,106.981,1101.41,92.315,17.929,1462.69,942.609,520.081,2944.75,1252.052,2508.785
"93年 5月",16536.549,123.812,33.267,13.294,4.878,5.171,41.324,2.67,388.179,1112.151,598.405,372.969,107.209,27.692,119.981,1241.035,105.963,18.352,1581.144,1011.421,569.724,3316.795,1400.275,2767.999
"93年 6月",15299.782,117.875,27.422,8.059,6.442,4.424,31.67,1.897,340.072,1063.412,581.119,348.457,90.005,27.757,99.124,1151.446,100.355,18.806,1541.639,994.266,547.373,2981.824,1331.043,2472.041
"93年 7月",15456.057,130.554,28.163,7.195,5.413,4.196,34.839,1.228,334.753,1043.852,569.46,341.147,82.626,28.335,106.654,1101.176,106.407,17.73,1580.838,1034.146,546.692,3211.647,1303.718,2423.676
"93年 8月",15542.448,145.813,22.98,6.301,2.717,4.708,29.237,0.344,394.907,1132.233,639.003,348.327,74.796,31.753,97.582,1033.997,109.827,16.359,1650.703,1082.643,568.06,3233.298,1307.314,2404.543
"93年 9月",15767.656,178.325,19.26,3.937,1.95,4.357,29.303,0.62,394.919,1086.92,620.796,340.555,79.717,27.856,103.286,1032.941,111.846,19.186,1601.983,1059.998,541.985,3411.569,1292.908,2585.107
"93年 10月",16230.536,134.111,19.751,3.959,1.402,4.873,36.89,0.951,385.383,1181.347,691.157,355.747,83.145,26.976,111.672,1066.633,116.697,23.988,1666.082,1082.648,583.433,3501.913,1339.467,2669.116
"93年 11月",16393.761,125.742,20.009,4.329,1.853,3.909,35.173,2.004,390.975,1145.625,635.308,368.05,85.737,28.993,104.943,1022.326,108.256,21.597,1679.218,1117.529,561.689,3357.404,1342.068,3031.973
"93年 12月",15707.466,156.888,20.972,4.527,2.074,4.193,35.202,2.411,354.322,1096.522,593.895,361.728,79.031,27.366,104.963,979.07,108.541,19.807,1734.629,1147.055,587.574,3028.346,1354.743,2827.73
"94年",199752.569,1629.236,277.671,74.199,32.02,49.005,392.562,31.787,5677.641,14738.203,8401.688,4478.283,965.291,297.527,1292.769,11834.166,1253.188,312.502,20467.438,13226.429,7241.009,41233.142,15735.885,29974.945
"94年 1月",16210.367,141.583,25.553,5.858,2.181,4.638,33.942,4.236,540.61,1199.077,687.591,361.654,65.522,26.494,109.654,932.337,113.303,24.11,1809.997,1224.76,585.237,3251.696,1353.329,2511.869
"94年 2月",12301.241,117.205,15.338,4.16,1.046,3.182,22.065,2.477,416.102,925.782,547.944,269.314,44.816,18.042,79.693,707.628,78.561,15.528,1371.652,960.884,410.767,2429.606,970.75,1956.525
"94年 3月",16615.113,109.264,25.305,9.037,2.152,4.797,34.557,2.273,460.297,1362.138,809.644,389.04,96.808,27.295,119.147,1073.58,101.376,17.215,1920.963,1307.942,613.021,3020.429,1344.931,2657.099
"94年 4月",16474.639,141.688,24.815,8.517,4.022,4.476,31.873,1.067,452.887,1205.204,669.639,381.002,93.079,24.758,112.456,1074.51,98.984,19.121,1823.023,1214.849,608.174,3207.131,1341.993,2441.801
"94年 5月",17234.795,140.252,30.002,10.087,4.872,4.903,40.828,2.46,530.081,1268.462,694.496,400.767,106.264,28.32,120.602,1134.008,116.126,21.893,1956.685,1306.335,650.349,3085.131,1458.537,2539.721
"94年 6月",15652.409,134.682,26.125,7.113,5.648,3.83,32.443,3.407,468.223,1265.134,729.913,372.067,87.815,24.25,109.169,1041.804,106.542,21.449,1662.048,1080.339,581.71,2987.809,1309.768,2286.132
"94年 7月",16277.177,120.818,28.318,7.78,4.994,4.083,29.11,2.641,515.506,1230.246,705.235,368.951,80.521,23.043,106.677,984.424,100.737,23.941,1620.756,1014.441,606.315,3389.768,1300.176,2472.313
"94年 8月",16700.894,110.886,20.329,5.68,1.179,3.369,31.134,1.72,431.54,1255.193,704.852,387.853,73.536,24.736,104.937,990.682,102.899,19.1,1669.822,1045.844,623.979,3530.071,1364.411,2498.4
"94年 9月",17129.826,124.822,21.76,4.351,1.626,3.5,30.68,1.715,461.003,1228.927,688.858,381.912,71.583,24.361,105.798,968.047,100.289,31.395,1593.833,995.07,598.763,3861.95,1237.836,2498.111
"94年 10月",18901.549,113.447,17.532,3.386,0.858,4.378,34.646,2.684,434.781,1293.774,718.947,407.086,87.941,26.495,113.306,1032.88,122.504,30.945,1770.037,1077.462,692.575,4277.177,1363.505,2763.395
"94年 11月",18157.038,113.672,19.327,3.804,1.196,4.224,34.705,3.38,462.446,1220.104,686.054,386.52,82.796,25.992,108.45,953.079,111.94,40.336,1672.244,1035.687,636.557,4087.588,1314.499,2755.911
"94年 12月",18097.521,260.916,23.266,4.428,2.246,3.622,36.58,3.727,504.165,1284.162,758.515,372.118,74.609,23.742,102.881,941.188,99.926,47.469,1596.378,962.816,633.562,4104.786,1376.15,2593.666
"95年",225904.198,1357.946,295.795,69.637,38.329,50.118,386,40.15,5997.637,15931.028,9216.435,4729.667,944.012,294.35,1363.974,11785.927,1405.315,873.277,24035.304,14733.788,9301.516,52464.075,16583.954,29874.225
"95年 1月",16970.895,111.902,20.523,3.33,2.27,3.839,27.318,3.561,387.387,1143.679,628.314,366.731,55.57,22.127,93.277,856.066,95.878,58.451,1653.245,1012.692,640.553,3806.105,1269.522,2357.496
"95年 2月",15552.209,98.197,17.66,4.75,1.248,3.224,27.492,1.683,498.606,1131.407,670.58,315.946,53.154,18.13,90.09,798.521,97.283,61.918,1497.515,934.516,562.999,3487.786,1052.286,1999.144
"95年 3月",18055.404,96.563,27.473,7.08,2.583,3.826,35.012,3.526,447.397,1298.964,729.842,399.012,89.727,23.83,112.652,1016.68,109.543,63.015,1792.156,1077.637,714.519,4199.159,1390.91,2504.103
"95年 4月",18963.73,95.759,29.988,10.394,5.479,4.49,33.757,2.813,484.403,1360.213,778.282,407.684,97.966,24.856,114.033,1071.057,111.788,52.7,1862.807,1134.074,728.733,4306.81,1403.254,2490.934
"95年 5月",19077.426,106.187,33.591,9.384,6.577,3.627,36.31,2.839,555.776,1438.115,836.102,414.332,98.093,26.086,120.671,1115.814,115.738,65.927,2044.535,1240.486,804.049,4169.814,1473.2,2452.331
"95年 6月",18262.544,114.882,26.171,6.294,5.13,3.483,36.062,2.989,517.449,1284.852,745.713,372.29,85.259,24.959,117.635,1034.402,115.853,82.931,1868.978,1107.521,761.456,4155.753,1363.905,2329.546
"95年 7月",19736.566,129.96,30.153,7.601,5.242,3.917,34.355,3.224,541.009,1376.839,796.709,402.254,79.171,27.285,118.741,1029.696,133.939,81.409,2131.276,1305.313,825.962,4614.884,1474.176,2575.982
"95年 8月",19502.036,144.841,25.623,5.924,1.8,4.104,31.681,3.395,468.724,1428.631,846.226,409.885,74.634,26.876,119.366,975.58,127.826,104.956,2189.361,1368.121,821.24,4622.562,1495.796,2504.312
"95年 9月",20266.444,142.836,21.367,4.188,2.117,4.909,29.621,2.829,561.854,1305.427,732.835,410.584,69.8,26.001,119.092,986.316,129.127,71.231,2227.938,1361.266,866.672,5008.464,1397.557,2579.355
"95年 10月",20002.072,105.192,22.089,3.41,1.779,4.774,29.827,4.513,384.969,1343.221,764.492,415.303,80.139,24.891,119.673,991.404,131.725,74.343,2358.722,1487.34,871.382,4859.993,1429.042,2651.766
"95年 11月",19696.99,117.076,21.294,3.672,2.026,4.152,31.665,3.419,593.781,1393.918,830.027,411.052,81.743,26.05,115.757,945.397,119.382,73.396,2195.016,1337.607,857.409,4594.937,1394.223,2713.374
"95年 12月",19817.882,94.55,19.863,3.612,2.077,5.775,32.899,5.359,556.283,1425.761,857.311,404.592,78.754,23.259,122.989,964.992,117.234,83,2213.757,1367.214,846.543,4637.808,1440.082,2715.883
"96年",248669.973,1326.677,324.342,60.565,44.222,67.438,454.615,40.332,9024.403,18951.734,11415.364,5302.512,982.745,282.147,1552.534,11609.928,1463.716,1275.009,27843.518,17376.813,10466.705,55342.258,17525.08,28747.636
"96年 1月",20007.771,103.846,29.327,4.888,2.416,5.944,35.462,3.267,624.075,1486.36,896.19,412.792,69.59,22.862,115.583,919.75,111.421,100.442,2471.39,1543.539,927.851,4393.284,1448.601,2447.581
"96年 2月",15029.08,86.15,17.082,3.747,2.529,3.753,26.065,1.95,419.304,1067.426,614.876,314.495,49.465,17.224,87.968,696.982,80.202,96.549,1794.806,1180.32,614.486,3344.997,1062.429,2035.629
"96年 3月",19927.905,95.879,30.082,6.806,4.837,5.189,33.171,2.405,641.41,1566.853,961.817,420.922,91.239,21.426,130.574,1031.751,120.103,83.059,2366.795,1529.336,837.459,4717.462,1377.57,2501.668
"96年 4月",19986.481,86.601,29.163,6.949,4.703,5.485,41.892,4.443,658.221,1563.782,949.66,431.771,95.833,23.625,131.417,1036.637,122.164,115.232,2370.688,1531.81,838.878,4477.002,1480.673,2320.254
"96年 5月",19726.076,104.424,32.298,7.469,5.105,4.645,36.917,4.045,694.526,1671.589,1004.33,457.202,105.29,25.04,138.785,1080.144,118.385,86.695,2475.039,1571.219,903.82,4124.91,1513.32,2188.832
"96年 6月",20262.366,118.583,34.179,6.389,6.927,5.023,37.304,4.215,668.422,1589.758,954.843,443.278,84.344,25.521,131.411,1007.61,124.284,55.4,2424.016,1551.492,872.524,4410.078,1388.76,2256.785
"96年 7月",21407.195,124.56,35.277,6.607,8.142,6.65,40.603,3.239,683.454,1671.734,1000.247,471.881,81.677,24.288,140.733,1017.864,129.915,90.714,2408.649,1480.923,927.727,4796.018,1586.762,2451.4
"96年 8月",21428.157,117.628,20.403,4.727,2.275,5.327,35.616,1.636,824.142,1631.859,984.082,459.909,68.043,22.693,137.27,916.838,128.847,64.401,2242.404,1361.225,881.179,4987.984,1497.084,2210.052
"96年 9月",22342.66,102.28,26.061,3.412,2.224,5.995,39.191,3.77,926.456,1641.767,993.962,462.387,79.095,21.732,129.525,960.559,130.643,124.187,2258.286,1358.252,900.034,5333.57,1517.622,2401.269
"96年 10月",22876.554,121.277,24.418,2.595,1.73,5.636,38.399,4.314,867.628,1712.686,1035.001,486.785,86.867,26.759,137.487,999.338,130.653,133.623,2376.856,1423.691,953.165,5080.852,1476.454,2698.627
"96年 11月",22035.977,108.374,21.585,2.81,1.462,6.095,40.818,1.672,925.357,1651.121,1019.153,452.511,86.979,23.123,135.872,948.624,123.778,178.76,2146.616,1260.064,886.552,4872.889,1471.22,2607.934
"96年 12月",23639.75,157.076,24.467,4.164,1.873,7.695,49.176,5.376,1091.408,1696.799,1001.203,488.577,84.324,27.855,135.909,993.831,143.32,145.947,2507.973,1584.943,923.03,4803.212,1704.585,2627.605
"97年",257754.83,1607.977,381.773,73.167,44.604,84.432,534.272,39.038,10740.323,19748.155,11614.369,5617.535,1008.611,242.356,1570.262,10888.586,1495.887,2509.522,28327.556,18250.635,10076.921,55342.202,17700.311,25810.043
"97年 1月",22292.685,135.349,26.316,3.73,2.957,7.706,47.038,2.361,955.545,1685.587,1040.773,453.77,64.344,21.277,123.22,870.569,137.147,324.301,2437.663,1506.244,931.419,4633.734,1515.678,2206.728
"97年 2月",17784.443,104.74,18.874,4.032,1.118,6.216,30.099,0.935,965.565,1370.593,857.29,357.026,55.466,15.595,103.428,697.477,104.263,179.318,1838.531,1196.232,642.299,3823.278,1116.822,1773.779
"97年 3月",24441.809,122.639,32.907,10.355,2.922,9.709,55.968,4.624,1189.613,1934.168,1182.341,526.538,99.651,25.253,151.532,1084.861,150.159,232.643,2651.492,1674.76,976.733,5088.729,1672.132,2293.659
"97年 4月",22796.364,117.521,34.545,8.919,4.393,7.997,50.68,3.644,1071.071,1823.435,1094.778,503.847,99.722,23.235,145.112,1039.204,130.882,228.297,2523.145,1597.047,926.097,4687.234,1582.043,2244.914
"97年 5月",23765.866,131.993,33.609,9.159,5.796,6.326,47.636,3.623,1128.154,1919.581,1184.554,510.807,105.033,22.662,150.223,1046.222,135.402,151.814,2585.932,1649.255,936.678,4884.593,1629.464,2077.02
"97年 6月",24523.637,149.01,40.07,6.984,5.141,7.396,49.24,3.404,1159.77,1955.039,1201.063,508.625,94.622,21.472,137.17,963.744,132.636,177.769,2633.308,1694.604,938.705,4849.68,1642.475,2263.429
"97年 7月",23081.494,145.95,43.753,7.713,8.987,7.798,41.961,3.969,933.019,1845.044,1116.376,503.164,81.82,20.484,132.882,910.704,122.824,255.822,2566.516,1638.715,927.801,5141.96,1560.662,2284.061
"97年 8月",25412.537,162.261,34.901,6.903,2.84,5.894,41.965,3.935,1070.563,1884.4,1102.225,533.923,83.532,22.363,149.808,946.011,140.839,314.147,2718.429,1751.111,967.318,5701.812,1661.961,2432.322
"97年 9月",22036.357,140.971,32.302,4.881,2.779,5.246,37.442,2.364,776.859,1516.087,814.233,486.171,80.391,18.207,124.183,898.592,123.173,146.304,2505.481,1619.718,885.763,5261.259,1404.667,2227.443
"97年 10月",20963.642,146.638,31.239,3.171,2.533,7.846,39.828,2.79,623.308,1524.794,813.574,492.546,87.042,17.936,139.399,936.927,122.162,213.855,2363.405,1552.154,811.251,4843.456,1428.877,2187.059
"97年 11月",16911.856,132.918,30.924,3.901,2.246,5.487,47.964,2.446,442.872,1234.086,637.753,403.538,91.462,17.353,113.437,788.944,109.563,190.231,1810.734,1201.701,609.034,3705.081,1327.456,2048.258
"97年 12月",13744.14,117.987,22.332,3.418,2.892,6.81,44.453,4.945,423.984,1055.341,569.408,337.58,65.525,16.518,99.869,705.329,86.837,95.021,1692.919,1169.095,523.824,2721.385,1158.075,1771.372
"98年",205201.752,1262.442,342.227,73.644,45.686,72.109,535.292,34.78,8200.397,16575.855,9735.605,4919.149,773.471,181.12,1433.579,9336.667,1381.482,2845.507,19407.074,12327.894,7079.18,50032.676,12084.963,21696.684
"98年 1月",12475.207,134.553,24.597,5.376,3.636,5.801,34.838,1.552,379.969,932.95,510.372,305.168,54.059,13.907,84.956,570.612,68.165,145.718,1383.294,933.204,450.091,2526.375,1009.344,1407.811
"98年 2月",12728.107,110.657,23.807,5.55,2.497,4.859,30.018,2.43,585.327,1084.367,678.246,280.056,53.986,12.874,91.186,572.148,76.69,317.664,1322.477,901.591,420.886,2685.976,765.056,1281.806
"98年 3月",15677.209,93.015,27.114,7.159,3.773,5.588,42.659,4.507,522.945,1336.502,773.567,403.99,77.953,14.974,121.179,836.586,98.733,523.896,1597.933,1023.239,574.694,3344.667,1013.923,1602.498
"98年 4月",14952.218,91.971,27.709,8.574,3.903,5.018,41.643,3.094,571.998,1308.052,773.744,387.283,75.373,16.245,109.458,812.616,101.263,98.328,1452.611,890.936,561.674,3786.004,914.641,1490.698
"98年 5月",16300.37,95.95,35.574,8.47,5.391,5.689,46.47,2.057,720.39,1395.77,816.415,414.442,76.511,15.384,121.272,840.031,126.916,151.282,1536.438,947.437,589.001,3999.99,939.392,1658.67
"98年 6月",17063.82,96.649,38.019,8.664,8.102,6.678,46.176,1.239,686.834,1423.375,854.595,411.997,60.403,14.153,118.12,786.633,123.619,205.599,1567,1011.371,555.628,4037.149,1028.15,1804.267
"98年 7月",17372.173,106.918,32.367,7.863,6.451,5.679,44.396,2.971,777.914,1476.241,871.037,444.835,55.926,15.316,119.377,782.22,117.141,123.447,1565.463,976.827,588.636,4442.066,919.765,1763.597
"98年 8月",19127.883,109.781,26.539,6.424,1.82,5.263,50.001,2.486,807.653,1563.465,941.226,453.735,57.346,15.163,130.605,793.246,138.728,129.686,1751.487,1086.985,664.502,4927.047,1023.847,1826.114
"98年 9月",19219.312,106.71,24.909,4.45,2.394,6.247,47.39,2.335,750.622,1443.009,814.096,454.169,65.73,15.126,128.499,802.184,139.943,144.636,1737.112,1078.714,658.398,5076.289,1002.549,1920.905
"98年 10月",19975.727,106.358,24.832,3.247,1.414,5.838,45.478,2.581,671.11,1521.874,868.756,475.896,69.746,15.887,136.131,863.052,135.232,312.798,1842.067,1178.919,663.148,5161.482,1124.495,2230.997
"98年 11月",20153.381,110.81,26.82,3.639,2.046,7.458,51.326,1.864,816.042,1517.538,908.049,430.68,69.299,16.443,138.174,833.376,120.967,266.036,1810.608,1149.456,661.151,5146.76,1097.874,2407.492
"98年 12月",20156.345,99.071,29.941,4.229,4.26,7.991,54.894,7.662,909.594,1572.713,925.502,456.899,57.14,15.648,134.622,843.963,134.084,426.417,1840.583,1149.213,691.37,4898.872,1245.927,2301.829
"99年",277352.073,1570.232,419.752,83.45,55.643,88.638,699.452,44.531,11345.915,22333.756,13263.991,6435.98,906.609,195.222,1772.938,11307.122,1939.137,3115.759,25994.429,16420.148,9574.281,69091.519,17974.113,31205.341
"99年 1月",21895.905,113.943,33.756,6.208,4.907,8.403,57.876,1.295,946.169,1754.429,1066.836,494.965,61.804,15.84,147.442,828.074,146.671,296.173,2034.594,1264.881,769.714,5431.921,1254.811,2267.493
"99年 2月",16805.587,100.248,26.31,6.241,3.978,6.114,33.173,1.045,756.396,1269.433,736.659,379.725,42.232,11.451,99.722,595.384,111.98,128.935,1563.063,997.373,565.69,4313.463,1052.86,1742.216
"99年 3月",23567.397,133.734,36.483,8.502,4.284,7.182,55.66,2.428,1242.777,2002.893,1220.715,554.238,82.238,16.77,159.486,1022.903,164.718,191.912,2261.35,1435.837,825.513,5568.85,1433.704,2461.976
"99年 4月",22093.561,116.026,32.968,9.297,4.069,6.854,57.054,3.792,963.151,1880.868,1127.792,542.725,84.532,17.099,147.156,988.996,145.74,158.694,2079.528,1289.783,789.745,5426.861,1367.873,2348.669
"99年 5月",25708.454,137.489,40.693,9.674,5.215,7.697,64.853,3.519,1169.11,2080.658,1247.661,596.596,99.521,19.396,165.986,1119.805,172.009,383.815,2496.125,1584.201,911.925,5955.183,1591.014,2560
"99年 6月",22981.616,112.236,44.369,7.892,11.765,5.672,57.025,3.488,947.205,1756.584,988.967,542.953,78.751,16.495,157.338,952.833,166.783,432.548,2181.473,1379.041,802.431,5583.242,1492.153,2548.153
"99年 7月",24140.118,149.072,38.567,8.938,7.126,5.841,53.026,5.014,961.543,1865.498,1080.825,565.479,83.305,16.497,146.243,943.359,162.298,135.069,2176.092,1343.601,832.491,6029.954,1625.737,2593.864
"99年 8月",24321.275,155.31,34.787,6.862,3.136,7.014,59.221,4.708,895.196,2020.572,1175.45,598.152,80.61,16.273,152.3,935.857,165.764,113.444,2272.702,1426.654,846.048,6175.505,1678.718,2675.863
"99年 9月",22671.114,133.208,29.935,5.339,3.218,7.521,58.866,3.958,821.056,1753.766,1027.305,522.598,71.512,16.299,136.432,905.403,161.352,321.639,2114.98,1346.013,768.967,6172.988,1468.3,2649.468
"99年 10月",24468.76,158.003,35.265,4.93,2.161,8.381,63.583,3.845,790.215,1964.336,1194.12,538.565,78.297,15.884,153.102,1016.56,183.307,343.522,2268.536,1462.288,806.248,6506.526,1653.969,3024.886
"99年 11月",24645.272,132.982,31.891,4.382,2.339,8.899,68.871,6.255,968.456,2004.699,1223.735,543.06,77.336,17.101,158.752,1026.952,180.236,263.226,2285.117,1469.701,815.416,5987.684,1674.109,3235.064
"99年 12月",24053.012,127.981,34.728,5.184,3.446,9.06,70.244,5.183,884.642,1980.02,1173.927,556.926,66.47,16.116,148.979,970.996,178.278,346.782,2260.868,1420.776,840.093,5939.342,1680.867,3097.689
"100年",312182.4,1989.382,504.552,111.771,66.3,107.98,837.975,64.155,13451.781,25330.704,14925.18,7086.975,923.323,212.322,1911.132,12714.826,2617.734,5356.653,30316.457,19355.546,10960.911,75472.5,21804.68,36761.766
"100年 1月",25608.802,137.838,40.74,7.832,6.084,9.116,73.56,4.029,1109.596,2055.949,1217.685,602.598,64.567,15.061,153.646,1026.062,198.355,253.246,2509.64,1595.936,913.704,6461.937,1715.532,2926.05
"100年 2月",21496.231,199.851,30.955,7.478,2.548,6.94,43.045,1.099,1308.038,1856.876,1181.346,467.435,52.45,12.267,127.268,867.964,164.341,200.977,1962.139,1258.244,703.895,5342.977,1358.183,2360.702
"100年 3月",27550.79,184.32,47.449,11.666,4.706,10.051,75.333,4.929,1434.787,2342.39,1414.726,626.683,86.04,16.629,156.607,1239.436,204.913,495.218,2731.551,1696.769,1034.783,6321.839,1914.882,2965.752
"100年 4月",27610.139,135.971,46.964,15.346,6.205,8.644,74.305,3.906,1398.947,2287.706,1380.357,628.211,94.682,17.927,164.903,1197.052,238.314,464.19,2664.677,1686.493,978.184,6656.881,1926.463,3161.824
"100年 5月",28178.985,137.741,48.58,14.711,4.959,6.603,79.575,6.379,1307.031,2286.016,1322.998,647.273,94.25,19.762,173.622,1157.486,233.106,637.077,2744.324,1749.378,994.946,6538.246,2036.397,3354.633
"100年 6月",25453.532,174.103,46.907,10.368,10.41,8.278,59.159,4.804,963.058,2015.279,1132.786,595.184,79.913,16.22,164.41,1018.506,216.521,344.223,2446.614,1566.502,880.112,6041.087,1840.702,3240.382
"100年 7月",28476.917,173.838,50.73,10.048,11.201,8.659,60.389,6.572,1012.918,2419.77,1477.508,630.464,75.746,17.655,168.892,1084.469,256.948,397.656,2771.443,1761.303,1010.14,6950.018,1924.773,3552.911
"100年 8月",26149.33,195.413,38.943,8.524,4.663,8.53,70.53,6.561,1068.571,2150.579,1253.003,605.659,75.676,20.417,164.008,1037.642,226.662,547.829,2690.591,1713.406,977.185,6374.445,1961.603,3043.673
"100年 9月",24982.938,153.459,35.507,6.298,3.398,8.108,63.497,3.12,928.115,1936.558,1096.86,576.884,69.82,19.174,155.419,1031.005,220.239,915.307,2457.098,1573.856,883.242,6343.244,1736.998,2882.007
"100年 10月",27437.274,154.337,39.07,6.668,2.431,9.208,77.923,6.649,1053.453,2049.446,1171.447,591.27,91.244,19.012,172.647,1125.213,221.271,451.085,2601.284,1679.886,921.398,6605.748,1845.477,3446.564
"100年 11月",24943.842,174.631,35.145,6.035,3.295,14.032,76.841,9.438,956.787,1906.398,1091.036,557.855,72.685,19.578,158.464,979.283,215.82,343.385,2378.122,1549.777,828.345,5870.287,1742.068,3001.897
"100年 12月",24293.619,167.879,43.564,6.796,6.399,9.81,83.817,6.67,910.479,2023.737,1185.427,557.458,66.25,18.618,151.246,950.706,221.243,306.462,2358.975,1523.998,834.977,5965.792,1801.602,2825.371
"101年",305314.663,2216.208,534.7,113.426,65.337,107.037,990.685,86.735,11986.046,24358.728,13984.635,7193.692,948.921,216.043,2014.292,11843.684,2948.407,3948.967,28248.229,17795.52,10452.709,75216.183,21418.704,31553.449
"101年 1月",21372.578,186.066,39.688,7.723,8.482,9.229,64.286,4.856,1004.639,1693.022,929.462,511.643,56.499,15.94,130.349,878.782,216.778,239.187,2287.383,1496.971,790.412,4958.762,1608.118,2201.831
"101年 2月",23768.102,165.432,41.469,9.215,4.071,9.667,64.537,6.357,1082.121,2086.744,1295.528,525.456,64.286,14.607,162.865,958.961,225.433,273.404,2232.762,1433.46,799.302,5687.369,1583.497,2413.218
"101年 3月",26738.112,180.664,49.899,13.282,6.719,9.471,76.887,7.532,1308.763,2220.647,1322.126,619.113,85.499,19.293,179.805,1127.737,229.435,393.39,2537.306,1639.13,898.175,6383.885,1778.116,2809.231
"101年 4月",25877.141,180.758,44.564,12.093,6.077,8.468,74.961,8.626,1043.794,2103.842,1205.435,610.378,90.418,19.424,172.95,1089.524,235.774,356.515,2505.884,1584.465,921.419,6279.357,1840.461,2798.564
"101年 5月",26439.607,188.422,47.489,12.02,4.696,9.296,90.662,6.119,1005.305,2135.409,1217.77,634.493,95.605,18.78,181.284,1042.432,236.226,369.181,2553.416,1602.417,950.998,6377.927,1971.939,2735.671
"101年 6月",24749.637,192.419,49.063,11.111,9.769,7.516,78.528,10.362,969.78,1952.691,1083.259,596.182,78.278,16.61,166.168,941.525,239.509,261.049,2281.978,1467.804,814.174,6251.113,1848.159,2605.49
"101年 7月",25223.406,184.304,46.31,9.963,8.322,8.082,81.102,8.032,797.505,2105.958,1216.905,610.278,75.05,19.999,186.761,948.426,252.66,215.827,2435.567,1550.14,885.427,6461.183,1956.075,2695.396
"101年 8月",25045.064,194.59,40.928,8.696,2.945,7.281,81.633,5.299,787.537,1958.678,1108.775,601.052,74.934,17.32,159.14,907.567,263.66,242.787,2230.75,1352.374,878.376,6492.727,1781.634,2497.205
"101年 9月",27511.424,212.75,45.655,8.073,3.78,9.88,94.098,6.343,1033.402,2047.11,1142.119,633.747,80.469,19.286,169.775,1015.363,290.805,459.157,2404.336,1505.357,898.98,7011.305,1853.391,2572.02
"101年 10月",26883.813,167.034,43.214,6.279,2.236,8.018,94.865,9.314,995.391,2082.348,1167.733,647.906,88.987,19.762,181.957,1064.846,281.121,430.255,2427.88,1506.675,921.205,6527.589,1830.934,2615.223
"101年 11月",25234.233,191.918,38.304,7.052,2.788,8.588,90.204,7.46,908.813,1890.17,1075.448,592.113,81.678,18.907,164.967,906.695,233.383,279.56,2051.26,1243.45,807.81,6397.066,1645.252,2799.547
"101年 12月",26471.545,171.851,48.117,7.919,5.452,11.541,98.922,6.434,1048.995,2082.109,1220.075,611.332,77.217,16.116,158.269,961.825,243.622,428.655,2299.706,1413.276,886.43,6387.9,1721.129,2810.054
"102年",310865.636,2081.704,567.344,108.151,87.285,119.07,1184.775,91.76,12292.032,24975.367,14889.876,7214.094,968.482,225.981,1951.717,11726.676,2684.457,2260.191,27748.175,17446.586,10301.589,80595.358,20985.777,31072.964
"102年 1月",26025.286,204.463,51.006,9.319,9.883,10.937,91.794,8.259,1090.415,2074.962,1231.563,598.21,65.334,17.085,162.533,923.789,270.049,292.587,2479.5,1573.83,905.67,6210.921,1667.194,2406.386
"102年 2月",19930.798,149.367,36.307,8.69,6.413,6.388,52.109,2.922,1058.235,1547.882,916.848,430.741,46.785,12.481,122.722,685.934,200.629,191.351,1753.172,1133.104,620.068,4819.654,1150.478,1870.268
"102年 3月",27723.477,174.106,54.048,13.284,8.444,9.455,96.424,5.863,1215.715,2211.302,1286.496,648.508,93.507,17.861,177.203,1131.136,264.926,194.004,2549.26,1648.866,900.394,6839.894,1767.526,2641.931
"102年 4月",25491.564,165.384,49.625,10.505,8.163,8.838,94.197,8.24,899.22,1988.165,1145.675,592.271,89.808,19.094,156.416,1042.916,233.919,168.673,2306.282,1458.671,847.611,6567.945,1778.384,2606.72
"102年 5月",27104.463,167.932,47.778,11.268,6.676,10.451,104.873,6.719,956.054,2267.884,1377.435,636.441,95.642,19.774,172.946,1049.648,211.931,126.432,2429.422,1546.116,883.305,7182.928,1822.127,2913.523
"102年 6月",26958.428,192.626,53.456,10.111,11.941,19.609,98.517,8.614,1105.953,2158.959,1299.099,612.417,86.783,19.723,169.891,999.16,206.227,146.042,2258.693,1381.633,877.061,6989.479,1807.647,2780.629
"102年 7月",25802.958,195.237,56.391,8.914,10.649,9.172,98.166,8.12,896.278,2168.494,1287.296,633.617,79.502,19.177,167.85,949.554,214.404,187.347,2331.449,1450.64,880.809,6737.484,1898.525,2630.988
"102年 8月",25997.276,176.02,43.915,9.484,4.24,8.702,100.582,8.234,1110.332,2124.252,1273.864,613.529,78.357,19.538,164.116,955.46,216.331,193.512,2349.37,1454.401,894.969,6962.638,1801.099,2558.914
"102年 9月",25673.985,184.395,38.984,6.208,3.848,7.934,97.223,7.556,1021.284,2009.693,1201.758,580.902,78.258,18.351,155.42,974.614,210.588,166.609,2240.903,1402.142,838.761,7143.98,1678.81,2559.916
"102年 10月",27141.511,170.198,41.327,6.239,2.894,10.637,112.178,6.965,965.835,2176.507,1291.248,642.777,91.992,22.02,180.194,1088.155,217.137,195.314,2479.167,1565.968,913.199,7074.671,1868.747,2806.373
"102年 11月",26237.906,149.129,42.864,6.328,4.769,7.545,121.222,6.657,1011.427,2062.6,1250.945,601.13,87.697,20.85,165.799,968.077,213.139,239.734,2171.514,1345.464,826.05,7185.507,1755.23,2650.973
"102年 12月",26777.982,152.85,51.644,7.8,9.365,9.401,117.49,13.612,961.285,2184.666,1327.647,623.548,74.816,20.028,156.626,958.234,225.176,158.585,2399.443,1485.75,913.693,6880.256,1990.009,2646.343
"103年",319413.274,2121.349,611.267,113.515,92.317,100.156,1281.331,112.513,12038.008,24357.833,14089.769,7508.009,1083.738,217.482,1924.708,11613.802,2719.779,2493.37,29119.124,18456.759,10662.365,90158.877,22249.972,31006.284
"103年 1月",24745.871,186.582,46.735,10.295,10.734,9.016,104.326,8.527,1151.238,1895.148,1087.227,602.914,67.051,17.644,143.51,849.261,185.565,116.421,2432.597,1572.297,860.3,6694.525,1621.534,2338.575
"103年 2月",21591.877,162.097,39.405,9.236,4.815,8.474,67.884,6.648,993.394,1795.999,1109.886,487.159,57.518,14.595,129.844,789.964,185.508,226.008,1966.317,1275.046,691.271,5735.277,1434.715,1897.557
"103年 3月",28255.041,224.274,59.674,12.038,9.408,10.454,118.057,7.883,1150.611,2171.818,1250.602,659.188,103.745,19.143,170.867,1115.443,235.53,319.19,2551.308,1638.179,913.129,7270.461,1957.617,2717.599
"103年 4月",27105.699,177.845,50.976,10.571,9.827,10.044,120.722,13.487,1015.876,2182.14,1278.348,656.61,106.785,18.617,168.295,1050.321,223.667,267.844,2463.65,1577.066,886.584,7393.457,1877.505,2651.479
"103年 5月",27151.226,182.6,48.986,12.021,6.32,9.313,123.612,10.948,1051.456,2190.786,1300.73,661.355,103.201,21.024,169.714,1037.509,226.004,165.545,2437.302,1535.772,901.53,7758.282,1899.57,2748.35
"103年 6月",27335.947,196.328,61.108,10.905,12.115,8.245,107.902,7.161,1045.24,2141.085,1269.21,634.196,93.718,19.587,168.613,985.631,259.331,169.557,2539.317,1624.859,914.458,7492.914,2072.934,2713.242
"103年 7月",27269.258,171.012,62.932,11.322,13.924,8.534,108.76,10.135,1076.848,2133.06,1256.027,644.544,93.167,15.988,160.517,933.32,249.127,255.438,2515.323,1601.688,913.635,7706.23,1910.542,2410.272
"103年 8月",28551.577,172.923,52.702,9.289,7.225,9.368,111.267,11.056,1025.389,2142.992,1240.529,662.214,103.141,20.127,169.839,998.106,240.781,168.558,2584.633,1594.749,989.884,8353.948,1991.9,2657.981
"103年 9月",26833.365,181.919,46.315,6.676,3.887,7.46,96.541,9.415,941.233,1823.428,993.552,611.278,92.402,17.569,156.063,966.196,230.325,178.339,2401.829,1524.771,877.058,8029.55,1755.902,2675.32
"103年 10月",27303.836,162.062,45.942,7.637,2.426,6.574,105.796,7.675,795.593,1983.854,1107.326,652.537,94.787,18.777,168.163,1007.631,223.316,150.037,2439.667,1529.933,909.734,8253.881,1851.906,2766.759
"103年 11月",27205.131,153.002,47.711,6.835,3.77,6.488,110.123,7.486,911.532,1973.397,1124.018,620.861,94.413,19.635,164.87,971.361,219.384,215.228,2379.202,1484.323,894.879,7897.74,1870.758,2822.189
"103年 12月",26064.446,150.705,48.781,6.69,7.866,6.186,106.341,12.092,879.598,1924.126,1072.314,615.153,73.81,14.776,154.413,909.059,241.241,261.205,2407.979,1498.076,909.903,7572.612,2005.089,2606.961
"104年",284433.978,1862.776,687.193,112.311,131.288,92.654,1215.018,107.13,8686.812,21129.087,11841.704,6784.285,856.357,181.814,1716.21,10823.074,2353.742,2428.907,25472.15,15298.419,10173.731,85912.392,20631.799,30478.042
"104年 1月",25433.463,171.313,56.084,11.395,11.125,11.643,112.284,6.274,837.969,1909.275,1074.231,616.549,75.407,16.293,149.272,906.357,220.105,303.177,2454.389,1516.001,938.388,7558.21,1882.314,2577.57
"104年 2月",20091.715,150.072,45.493,8.755,12.363,7.673,65.66,5.535,672.096,1388.479,755.533,467.172,56.174,11.321,113.207,716.683,161.493,268.628,1824.676,1138.18,686.496,6056.38,1450.08,2102.182
"104年 3月",25559.211,193.267,61.895,11.127,12.921,6.553,98.487,10.776,950.083,1988.807,1173.253,588.485,89.936,17.571,152.058,1037.984,203.777,221.124,2285.541,1437.735,847.806,7332.457,1834.312,2861.169
"104年 4月",23786.264,149.069,60.473,11.005,16.216,7.253,107.71,8.351,754.584,1828.697,1051.39,566.864,88.081,15.138,143.194,991.336,185.91,223.032,2150.297,1348.387,801.91,7137.298,1738.13,2685.842
"104年 5月",25931.328,143.813,63.093,11.112,14.707,8.792,114.656,9.043,903.634,2024.913,1155.471,634.213,99.467,16.305,159.919,1056.069,206.281,233.991,2354.107,1406.957,947.15,7344.055,2044.294,2669.591
"104年 6月",23382.857,163.892,62.299,9.856,19.187,8.02,100.556,12.072,748.553,1750.316,986.567,548.051,74.629,14.337,147.969,895.446,193.095,157.317,2118.176,1274.066,844.11,6673.787,1782.352,2399.188
"104年 7月",23802.534,160.882,62.153,11.401,15.298,7.082,99.425,8.47,678.975,1777.726,990.148,576.84,62.605,15.252,143.655,855.547,198.091,119.883,2227.789,1333.736,894.053,7531.143,1706.951,2484.757
"104年 8月",24234.477,127.211,57.41,9.589,6.874,6.952,100.446,8.25,705.029,1777.395,969.78,586.073,68.237,15.701,153.108,918.105,200.059,134.579,2210.099,1278.92,931.179,7365.576,1744.47,2553.965
"104年 9月",22910.032,140.537,48.375,6.362,5.429,6.458,93.219,10.14,585.422,1620.81,875.414,542.265,63.744,14.397,132.21,863.505,196.469,206.676,2006.277,1181.678,824.599,7213.96,1551.13,2472.522
"104年 10月",24342.208,163.052,49.307,6.831,2.171,6.981,104.983,5.791,653.34,1805.84,1028.894,570.772,65.517,14.033,142.053,933.016,189.783,204.853,1980.453,1141,839.453,7864.681,1582.074,2631.388
"104年 11月",22524.854,148.443,56.916,6.259,4.666,7.451,108.63,8.418,627.986,1634.966,906.018,530.172,59.937,16.198,142.755,838.453,204.436,178.617,1870.521,1067.044,803.477,6922.073,1668.367,2572.007
"104年 12月",22435.035,151.225,63.695,8.619,10.331,7.796,108.962,14.01,569.141,1621.863,875.005,556.829,52.623,15.268,136.81,810.573,194.243,177.03,1989.825,1174.715,815.11,6912.772,1647.325,2467.861
"105年",279174.656,1779.826,675.298,106.65,112.816,91.167,1226.759,118.68,7832.002,19919.785,11102.784,6468.838,674.047,177.127,1711.72,9928.493,2274.853,1329.337,24528.936,14418.827,10110.109,92797.715,20044.185,30180.585
"105年 1月",22073.597,144.56,65.9,9.536,14.839,7.194,110.117,7.919,572.323,1560.545,822.739,544.769,48.016,14.409,131.091,802.873,192.092,126.102,1966.034,1100.172,865.862,7059.459,1617.967,2398.364
"105年 2月",17631.047,140.067,48.544,9.083,9.851,4.88,72.489,5.386,558.903,1267.059,715.559,400.855,42.729,10.033,109.692,669.869,135.947,106.662,1533.253,920.524,612.729,5711.135,1260.549,1888.728
"105年 3月",22632.039,163.299,67.449,10.107,17.627,9.11,105.93,12.257,664.221,1742.471,976.719,557.099,64.406,14.11,144.441,913.301,194.848,154.582,1977.49,1176.908,800.582,7233.836,1705.874,2317.457
"105年 4月",22048.734,142.256,62.029,11.52,17.158,6.826,105.819,10.113,682.17,1710.221,965.278,544.805,68.455,13.94,140.77,936.093,189.055,97.853,1907.996,1130.444,777.552,6889.994,1616.419,2380.343
"105年 5月",23509.809,131.394,60.528,10.256,12.538,8.562,106.805,12.068,750.042,1684.366,922.931,555.881,67.164,16.175,149.708,884.785,192.68,116.43,2096.526,1261.722,834.804,7226.756,1804.852,2521.041
"105年 6月",22812.394,146.009,62.743,10.806,11.107,7.44,101.622,12.745,637.147,1638.866,906.534,540.632,54.029,15.643,137.879,780.424,178.945,100.568,2061.579,1229.123,832.456,7440.757,1685.807,2502.017
"105年 7月",24044.579,167.565,59.906,11.549,8.466,7.01,103.68,12.917,689.969,1747.563,979.073,569.614,53.017,16.675,150.559,812.054,203.215,137.476,2139.256,1238.587,900.669,7953.969,1762.705,2604.208
"105年 8月",24536.823,148.509,54.498,8.029,4.378,6.721,100.696,11.296,668.151,1724.669,949.244,572.912,55.716,16.088,154.15,851.352,203.2,113.015,2192.244,1239.428,952.816,8423.456,1709.733,2554.455
"105年 9月",22491.209,127.671,43.45,6.158,4.558,5.456,81.2,6.635,480.529,1460.034,793.312,496.507,51.633,13.894,130.095,786.437,173.66,74.014,1924.889,1133.788,791.101,8422.93,1395.143,2487.159
"105年 10月",26652.649,150.256,52.414,6.512,2.548,9.708,117.336,10.595,736.58,1832.995,1037.813,581.726,63.373,16.63,160.563,923.835,218.512,131.419,2271.011,1362.427,908.584,9056.652,1825.543,3110.671
"105年 11月",25075.619,152.179,44.169,5.742,2.726,9.578,112.872,8.948,679.674,1732.43,988.429,544.135,51.674,15.48,150.786,792.652,198.635,89.543,2161.982,1284.004,877.978,8787.321,1795.554,2720.423
"105年 12月",25666.157,166.061,53.668,7.352,7.02,8.682,108.193,7.801,712.293,1818.566,1045.153,559.903,53.835,14.05,151.986,774.818,194.064,81.673,2296.676,1341.7,954.976,8591.45,1864.039,2695.719
"106年",315486.658,2014.067,690.346,110.984,110.209,96.695,1491.588,104.757,9543.059,22974.374,13480.986,6793.25,643.154,194.066,1959.018,10074.556,2363.995,1128.265,29041.636,17340.844,11700.792,107199.403,23835.948,34105.233
"106年 1月",23652.348,163.745,50.769,10.716,10.297,9.399,93.828,5.276,842.124,1610.728,879.523,536.893,44.821,12.92,137.531,746.852,195.594,85.259,2235.392,1306.528,928.864,7772.047,1775.983,2458.045
"106年 2月",22541.448,162.552,47.4,9.343,7.67,7.667,86.435,5.108,816.846,1794.426,1117.577,468.227,43.828,10.877,137.645,709.749,185.575,95.456,2075.933,1282.126,793.807,7400.766,1562.782,2390.761
"106年 3月",25531.474,175.126,60.388,11.894,12.594,8.816,112.527,8.325,748.532,1892.409,1078.859,571.291,65.795,13.944,158.167,916.097,192.525,63.88,2373.843,1434.717,939.126,8679.446,1748.61,2807.95
"106年 4月",24125.456,124.426,61.208,10.325,16.186,6.046,113.238,11.95,746.69,1829.104,1051.177,555.803,62.869,15.12,152.198,916.165,183.699,74.771,2274.497,1341.741,932.756,7621.882,1955.494,2686.747
"106年 5月",25322.281,145.886,65.181,10.333,14.04,8.101,123.258,6.654,741.827,1957.764,1121.8,595.925,61.535,20.82,160.192,893.451,196.872,83.584,2575.44,1590.201,985.239,7769.146,1995.268,2674.666
"106年 6月",25679.975,199.532,62.759,9.577,10.227,7.49,110.326,6.531,729.449,1857.325,1093.557,548.045,54.346,16.276,149.179,801.833,197.511,70.493,2257.173,1322.784,934.389,8888.313,1891.558,2933.196
"106年 7月",26939.171,168.384,71.329,10.296,13.684,8.175,136.454,11.528,831.663,1927.66,1120.899,572.23,55.969,17.547,165.163,817.476,204.455,78.258,2576.859,1521.729,1055.13,8704.455,2121.517,3008.082
"106年 8月",27616.651,159.764,57.401,9.263,4.695,6.681,141.762,8.818,799.768,2003.436,1169.201,604.094,55.538,17.516,171.848,855.799,194.675,108.189,2532.958,1490.128,1042.83,9637.066,2135.011,2886.744
"106年 9月",28714.836,180.992,61.906,8.256,6.72,8.185,147.158,8.894,778.337,1946.674,1115.413,597.397,53.583,17.919,170.216,890.31,214.679,128.6,2582.239,1511.158,1071.081,10168.902,2124.657,3090.24
"106年 10月",27396.197,166.632,44.584,6.161,2.553,6.942,132.499,10.042,771.423,1958.44,1181.679,566.188,47.998,15.603,186.506,842.499,189.898,114.832,2352.535,1406.473,946.062,10012.426,2071.718,2928.677
"106年 11月",28589.474,174.373,51.964,6.904,4.008,9.654,148.997,7.177,843.349,2086.364,1274.58,582.491,49.405,18.849,190.17,823.777,195.382,112.129,2537.239,1539.07,998.169,10194.709,2170.053,3089.268
"106年 12月",29377.347,192.655,55.457,7.916,7.535,9.539,145.106,14.454,893.051,2110.044,1276.721,594.666,47.467,16.675,180.203,860.548,213.13,112.814,2667.528,1594.189,1073.339,10350.245,2283.297,3150.857
"107年",334007.338,2167.333,784.043,123.426,141.341,99.152,1760.001,138.088,11506.671,25276.476,15292.208,7147.316,592.504,179.764,2153.664,10074.969,2444.306,1392.699,31587.931,19010.454,12577.477,110768.089,25569.142,35323.385
"107年 1月",27261.431,167.866,62.206,11.592,15.752,8.949,145.131,6.91,928.082,2172.387,1336.472,602.119,48.402,15.326,171.973,826.585,209.717,113.579,2721.942,1647.816,1074.126,8677.127,2110.057,2710.63
"107年 2月",22169.528,179.506,52.173,10.327,11.907,6.428,93.582,6.093,904.385,1692.902,1044.692,463.514,37.367,12.111,141.642,636.227,183.178,84.129,2137.394,1326.848,810.546,7000.186,1609.911,2383.906
"107年 3月",29792.853,226.625,81.832,17.389,16.976,8.451,145.718,11.988,1105.98,2211.114,1376.556,592.697,56.695,13.447,190.989,950.413,229.891,98.438,2808.883,1714.322,1094.561,10543.819,2246.545,2901.036
"107年 4月",26549.309,152.726,70.915,10.769,22.096,7.173,137.706,11.399,955.523,2119.4,1309.603,578.872,56.229,14.253,177.723,903.583,206.92,116.976,2564.31,1550.967,1013.343,8543.402,2098.433,2625.295
"107年 5月",28944.221,171.445,69.044,10.411,15.178,8.038,166.567,13.191,912.545,2331.963,1448.305,637.324,58.152,17.826,190.163,910.934,211.372,151.466,3021.355,1777.097,1244.258,9000.487,2389.431,2900.092
"107年 6月",28110.115,193.402,75.467,11.991,18.329,7.099,148.402,13.581,996.088,2193.415,1329.017,609.342,53.771,14.844,179.212,860.583,209.333,164.222,2778.979,1599.227,1179.752,8740.124,2263.213,2940.322
"107年 7月",28217.572,186.254,72.159,11.858,11.637,7.344,140.65,11.066,905.305,2153.348,1296.145,614.294,49.328,15.839,192.73,803.596,199.676,128.904,2809.362,1660.022,1149.34,9331.761,2242.907,2934.381
"107年 8月",28021.801,164.397,55.898,8.341,4.159,6.747,144.528,10.91,862.075,2110.299,1248.909,618.89,47.32,16.849,181.49,818.248,184.392,102.261,2438.737,1427.672,1011.065,9754.148,2059.102,2894.725
"107年 9月",29467.165,181.314,66.118,8.178,6.861,7.547,156.446,14.245,1045.851,2094.248,1224.496,618.097,50.099,14.409,187.02,896.438,216.828,120.914,2729.24,1700.078,1029.162,10119.848,2167.908,3048.122
"107年 10月",29424.037,182.129,55.586,7.291,3.622,9.252,163.449,8.92,1095.335,2182.046,1313.258,625.457,46.007,16.283,186.412,864.785,206.429,126.31,2682.309,1604.533,1077.776,10112.102,2159.038,3177.95
"107年 11月",27681.837,178.11,55.428,7.483,4.633,13.196,156.543,12.039,905.869,1967.513,1163.488,585.039,38.966,15.455,182.228,771.719,182.428,87.918,2368.729,1435.256,933.473,9616.39,1966.892,3275.455
"107年 12月",28367.469,183.559,67.217,7.796,10.191,8.928,161.279,17.746,889.633,2047.841,1201.267,601.671,50.168,13.122,172.082,831.858,204.142,97.582,2526.691,1566.616,960.075,9328.695,2255.705,3531.471
"108年",329157.32,2074.133,847.299,113.383,191.769,95.036,1890.287,138.029,8945.667,22580.321,12914.349,6933.021,565.255,163.456,2025.786,9178.338,2262.259,1466.707,27841.293,16592.942,11248.351,112516.741,23498.2,42625.893
"108年 1月",27115.105,180.608,77.015,9.892,22.224,7.511,147.001,17.787,900.165,1887.31,1058.615,601.009,42.337,12.593,152.86,740.777,197.307,162.007,2519.16,1543.559,975.601,8760.578,2099.399,3294.856
"108年 2月",20317.385,137.383,53.878,7.459,15.553,5.188,90.767,7.016,735.844,1559.388,958.078,427.433,34.95,10.005,134.613,621.681,147.285,54.826,1762.052,1081.297,680.755,6418.518,1501.148,2618.566
"108年 3月",28449.497,184.368,90.017,12.349,29,8.082,169.001,9.759,984.022,2126.38,1245.321,611.836,55.074,12.94,181.96,908.862,201.763,115.169,2595.948,1613.231,982.717,9142.345,2190.25,3541.577
"108年 4月",25559.377,164.415,82.184,9.692,30.694,6.284,158.326,12.201,765.912,1897.144,1115.483,556.517,48.17,13.324,163.591,829.992,175.29,102.913,2299.554,1430.047,869.507,8110.165,1934.248,3071.589
"108年 5月",27548.92,165.552,81.506,10.612,24.966,6.94,161.28,11.338,692.54,2005.248,1177.246,596.6,51.641,14.022,182.449,822.643,186.673,92.708,2413.223,1446.25,966.973,9042.626,2067.233,3566.437
"108年 6月",28210.4,176.521,80.503,10.922,18.43,8.35,171.251,11.799,746.097,1971.136,1125.97,597.335,52.8,13.752,175.795,775.978,207.562,145.608,2500.028,1503.186,996.842,9026.032,2090.091,3535.03
"108年 7月",28094.139,184.474,72.096,10.995,12.141,7.61,165.375,9.7,761.072,1935.354,1096.642,602.934,46.784,14.19,165.604,718.987,184.011,152.358,2313.664,1396.805,916.859,9501.359,2059.701,3672.568
"108年 8月",28776.413,162.993,62.933,9.126,6.878,7.008,155.735,6.325,669.281,1878.2,1052.416,595.952,44.983,15.404,169.233,757.172,183.241,185.031,2301.498,1379.823,921.675,10481.359,1903.918,3803.889
"108年 9月",28084.066,189.933,59.108,8.353,6.128,10.961,154.941,9.862,674.299,1749.913,959.914,568.374,48.662,12.681,166.134,772.382,188.929,134.626,2253.503,1316.533,936.97,10367.496,1807.519,3608.939
"108年 10月",28973.652,167.587,54.349,7.285,3.409,8.172,167.603,10.33,636.975,1870.065,1053.879,590.272,48.402,14.727,185.807,778.975,179.387,90.315,2318.42,1298.685,1019.735,10649.061,1901.251,3839.324
"108年 11月",28554.232,152.099,63.019,8.659,6.778,8.159,173.854,13.791,696.842,1843.326,1050.825,582.88,47.953,14.344,176.705,704.314,199.287,112.901,2204.316,1217.757,986.559,10579.798,1843.233,4018.716
"108年 12月",29474.134,208.2,70.691,8.039,15.568,10.771,175.153,18.121,682.618,1856.857,1019.96,601.879,43.499,15.474,171.035,746.575,211.524,118.245,2359.927,1365.769,994.158,10437.404,2100.209,4054.402
"109年",345125.944,1605.21,843.652,109.57,186.783,102.286,1761.229,127.633,7168.881,21259.355,11549.013,6948.947,402.426,142.27,1860.491,7538.852,2417.185,3036.205,25485.798,14548.475,10937.323,135512.25,21919.297,49145.157
"109年 1月",25045.852,156.221,66.104,9.718,20.334,8.379,126.499,6.516,763.387,1532.679,799.312,531.136,39.405,11.354,144.952,623.772,186.647,154.862,2076.527,1229.323,847.204,9010.284,1773.803,3184.273
"109年 2月",25339.624,147.842,63.69,10.772,14.248,8.336,119.678,4.269,689.293,1634.285,929.787,490.544,33.944,7.643,161.46,636.769,209.525,126.087,1933.291,1214.355,718.936,9383.712,1470.726,3444.964
"109年 3月",28237.554,137.684,81.908,11.545,27.418,9.68,151.331,5.971,629.174,1861.701,1006.842,607.594,44.373,12.753,179.355,796.446,209.107,197.296,2291.238,1376.065,915.173,10800.494,1903.68,3542.937
"109年 4月",25217.32,110.329,76.054,10.932,27.4,5.846,131.31,6.637,483.444,1587.242,859.477,542.651,27.822,9.802,141.802,518.987,188.752,180.438,1885.984,1095.588,790.396,10079.046,1724.506,3468.607
"109年 5月",26998.41,103.6,84.565,11.141,23.213,8.379,145.714,8.631,512.791,1605.898,854.944,576.468,30.434,10.523,151.413,534.229,193.41,264.492,2047.26,1116.404,930.856,10238.848,1936.639,3954.72
"109年 6月",27121.759,124.267,76.297,8.75,17.42,6.756,145.847,16.231,523.544,1509.385,812.132,513.107,28.938,10.904,132.744,488.73,177.342,196.742,1904.331,1051.349,852.982,11177.997,1723.053,4015.44
"109年 7月",28163.017,122.684,67.101,9.99,15.288,7.038,153.309,6.521,569.02,1726.765,908.07,599.744,28.336,11.102,155.439,555.139,189.858,307.029,2034.957,1096.2,938.757,10958.363,1766.365,4346.819
"109年 8月",31158.476,129.658,64.293,7.873,6.257,10.652,163.983,13.955,510.557,1812.657,950.789,613.584,34.034,14.07,163.322,636.286,225.715,600.847,2159.319,1191.116,968.203,12482.084,1799.749,4604.367
"109年 9月",30702.877,134.966,59.768,7.302,8.21,8.011,139.557,5.922,484.402,1764.777,935.303,596.002,31.955,13.117,147.625,656.691,194.321,249.491,2112.061,1180.144,931.917,13072.295,1718.151,4420.554
"109年 10月",32215.149,153.573,58.334,6.939,4.216,8.045,161.988,13.629,613.867,2033.741,1130.588,627.44,36.217,15.13,171.663,724.939,213.702,179.955,2331.8,1343.438,988.362,12968.882,1935.652,4637.512
"109年 11月",31935.76,130.165,67.883,7.445,6.728,9.583,164.753,27.466,675.943,2046.053,1150.989,622.711,32.332,12.947,161.578,655.563,213.974,217.913,2284.88,1308,976.88,12585.327,1965.223,4760.817
"109年 12月",32990.146,154.221,77.655,7.163,16.051,11.581,157.26,11.885,713.459,2144.172,1210.78,627.966,34.636,12.925,149.138,711.301,214.832,361.053,2424.15,1346.493,1077.657,12754.918,2201.75,4764.147
"110年",446371.191,1824.55,866.657,112.772,166.1,135.873,2021.829,284.38,11800.431,29865.642,18356.438,8024.78,492.11,157.587,2127.722,9027.09,2678.638,2629.577,36811.038,22029.902,14781.136,171994.535,27830.021,61323.027
"110年 1月",34264.483,159.368,82.478,10.15,23.456,10.351,164.045,23.725,868.867,2314.487,1324.35,677.439,37.505,12.629,151.031,705.351,237.717,226.121,2643.129,1489.665,1153.464,13289.117,2223.215,4584.102
"110年 2月",27790.942,114.415,68.558,9.217,21.49,6.948,108.687,13.824,741.376,1941.605,1159.107,533.903,28.097,9.197,133.482,596.187,187.623,143.874,2134.81,1238.498,896.312,10735.039,1707.507,3701.949
"110年 3月",35872.429,130.122,86.706,11.686,24.081,11.587,171.356,19.063,1022.843,2586.735,1586.371,686.086,36.772,11.924,175.237,801.481,230.005,203.206,2782.02,1613.03,1168.99,13446.529,2458.156,4922.159
"110年 4月",34900.871,138.129,73.046,10.226,21.194,11.157,159.116,26.267,976.08,2419.644,1494.452,629.181,38.274,11.274,167.648,768.283,205.64,198.766,2652.662,1584.431,1068.231,13502.935,2148.82,4707.563
"110年 5月",37403.878,178.552,80.006,10.316,18.025,11.228,182.877,28.357,1028.005,2804.565,1751.487,701.056,43.976,12.945,184.032,790.29,227.078,277.988,3154.745,1865.594,1289.151,13266.506,2482.768,5095.506
"110年 6月",36647.945,169.396,81.167,10.763,23.594,9.938,167.72,27.287,903.05,2495.267,1523.017,671.567,36.923,13.939,165.852,751.339,220.541,398.712,2787.219,1625.749,1161.47,14511.638,2229.846,4918.787
"110年 7月",37951.387,157.646,66.96,9.435,11.254,9.749,169.31,17.142,877.638,2477.093,1510.324,692.47,42.121,13.063,171.593,719.471,217.513,206.915,3231.133,1971.274,1259.859,14669.704,2338.289,5202.487
"110年 8月",39540.529,164.127,65.353,9.81,5.741,14.19,186.251,29.645,1106.923,2585.416,1584.573,709.575,46.057,15.03,199.86,766.514,249.895,241.386,3244.706,1870.973,1373.733,15217.705,2512.807,5395.027
"110年 9月",39627.88,135.462,66.043,8.67,7.829,5.911,162.697,14.92,894.464,2335.963,1413.034,651.573,39.237,13.002,182.987,711.294,213.22,157.216,3392.908,1995.252,1397.656,16581.616,2201.637,5411.246
"110年 10月",40117.188,156.295,61.918,7.536,2.166,11.681,175.14,37.92,1182.633,2641.424,1666.381,696.736,49.927,14.112,198.716,814.363,229.455,172.443,3843.892,2423.675,1420.217,14581.932,2502.693,5881.441
"110年 11月",41569.121,165.804,68.975,7.119,2.498,18.546,193.284,17.853,1153.622,2728.667,1725.194,716.598,44.886,17.124,203.321,790.791,238.798,179.407,3830.04,2446.045,1383.995,15928.422,2552.84,5689.136
"110年 12月",40684.538,155.234,65.447,7.844,4.772,14.587,181.346,28.377,1044.93,2534.776,1618.148,658.596,48.335,13.348,193.963,811.726,221.153,223.543,3113.774,1905.716,1208.058,16263.392,2471.443,5813.624
"111年 (1~9月)",367730.483,1328.128,560.671,87.894,66.57,120.05,1434.473,165.299,8991.882,20682.163,12535.083,5847.104,397.109,111.954,1703.933,7017.949,1814.476,2095.579,28921.968,17945.159,10976.809,152048.007,21804.46,47603.955
"111年 1月",39980.793,140.496,62.884,11.087,6.931,11.361,158.769,19.991,982.56,2420.879,1452.727,706.714,46.411,12.372,177.941,767.68,207.58,194.623,3395.475,2160.719,1234.756,15907.307,2535.656,5239.51
"111年 2月",37453.395,125.116,57.263,9.885,5.564,11.832,129.286,18.443,1069.144,2360.896,1515.083,609.666,45.646,12.142,174.538,740.194,210.159,197.463,3015.528,1890.18,1125.348,15731.791,2187.442,4569.908
"111年 3月",43503.179,133.878,74.564,10.178,12.605,13.927,173.503,11.073,1177.958,2564.234,1602.586,691.397,49.205,14.259,200.976,856.21,224.259,447.778,3423.676,2101.753,1321.923,18234.971,2546.561,5674.563
"111年 4月",41461.634,139.623,64.495,9.521,10.973,10.825,153.406,21.199,1217.782,2368.806,1435.4,668.249,47.238,12.838,197.499,803.79,217.501,317.711,3344.086,2103.219,1240.867,17211.459,2449.073,5187.674
"111年 5月",42047.422,149.349,69.059,10.018,11.216,15.685,173.997,25.194,1037.175,2511.164,1568.459,673.899,45.152,12.087,201.774,837.465,220.407,267.44,3473.095,2128.842,1344.253,16704.74,2438.212,5184.319
"111年 6月",42210.82,142.161,60.171,8.548,9.846,12.367,168.782,14.061,1020.34,2385.505,1469.098,650.864,41.266,12.683,197.884,737.408,206.084,191.619,3476.256,2132.071,1344.185,17272.184,2432.953,5370.198
"111年 7月",43239.899,192.281,67.44,12.141,4.803,13.24,177.758,27.888,1089.017,2300.781,1354.166,677.937,44.164,13.403,202.158,809.554,194.178,143.689,3383.343,2131.627,1251.716,16954.831,2730.381,5895.569
"111年 8月",40301.786,145.748,56.216,9.052,2.658,15.215,152.585,13.397,744.571,2023.323,1166.312,616.564,43.616,11.21,180.231,788.601,174.575,230.742,2920.725,1826.221,1094.504,17045.132,2368.291,5308.351
"111年 9月",37531.555,159.476,48.579,7.464,1.974,15.598,146.387,14.053,653.335,1746.575,971.252,551.814,34.411,10.96,170.932,677.047,159.733,104.514,2489.784,1470.527,1019.257,16985.592,2115.891,5173.863

