"幣別","按美元計算(百萬美元)/ 總計","按美元計算(百萬美元)/ 1.活動物；動物產品","按美元計算(百萬美元)/ 2.植物產品","按美元計算(百萬美元)/ 3.動植物油脂","按美元計算(百萬美元)/ 4.調製食品；飲料及菸酒","按美元計算(百萬美元)/ 5.礦產品","按美元計算(百萬美元)/ 6.化學品","按美元計算(百萬美元)/ 7.塑膠、橡膠及其製品","按美元計算(百萬美元)/ 8.毛皮及其製品","按美元計算(百萬美元)/ 9.木及木製品","按美元計算(百萬美元)/ 10.紙漿；紙及其製品；印刷品","按美元計算(百萬美元)/ 11.紡織品","按美元計算(百萬美元)/ 12.鞋、帽及其他飾品","按美元計算(百萬美元)/ 13.非金屬礦物製品","按美元計算(百萬美元)/ 14.珠寶及貴金屬製品","按美元計算(百萬美元)/ 15.基本金屬及其製品","按美元計算(百萬美元)/ 16.機械及電機設備","按美元計算(百萬美元)/ 17.運輸工具","按美元計算(百萬美元)/ 18.光學及精密儀器；鐘錶；樂器","按美元計算(百萬美元)/ 19.其他"
"90年",109585.639,828.345,1991.304,132.964,2108.509,12796.39,10361.494,3431.809,707.08,849.639,1800.871,2400.794,252.001,984.005,979.454,7872.07,48268.307,5289.576,6296.737,2234.287
"90年 1月",9485.763,83.83,168.309,12.209,180.949,1160.551,852.683,272.583,57.176,77.757,148.165,161.425,18.571,85.197,99.842,691.621,4269.163,389.725,563.383,192.623
"90年 2月",9270.266,59.135,175.556,12.135,159.431,920.923,871.764,278.332,55.367,67.731,167.641,198.38,17.697,99.025,147.623,657.262,4316.638,304.167,521.582,239.876
"90年 3月",10209.773,71.734,135.683,9.699,165.456,1120.203,941.368,313.245,68.458,81.778,165.381,245.698,25.412,98.337,118.747,752.759,4466.397,652.776,611.706,164.935
"90年 4月",10720.892,76.028,187.52,11.597,196.459,1371.68,953.222,289.506,66.513,78.178,168.161,243.902,24.116,94.069,89.086,755.957,4782.226,549.845,588.893,193.933
"90年 5月",9132.028,74.342,194.277,9.868,175.782,1023.03,882.05,308.502,66.971,85.767,168.554,209.64,19.24,81.814,62.43,715.696,3868.335,410.342,511.436,263.951
"90年 6月",8840.629,66.606,157.278,11.146,162.637,1085.078,803.105,283.831,65.245,60.055,144.24,169.098,17.342,82.641,49.103,711.207,3754.267,540.577,525.425,151.748
"90年 7月",9384.078,75.669,171.454,9.962,163.448,1258.176,864.458,283.787,75.081,69.518,157.765,184.526,20.147,77.57,48.409,669.385,3810.479,687.957,576.824,179.462
"90年 8月",7862.127,63.693,145.986,11.165,173.966,987.517,788.883,254.192,59.189,67.776,136.69,191.978,23.612,72.971,47.451,566.463,3433.235,278.487,406.986,151.886
"90年 9月",7926.817,49.741,154.948,10.827,152.131,1203.322,787.288,252.727,47.674,60.775,128.478,175.718,17.651,64.978,62.465,492.155,3430.638,272.896,433.318,129.087
"90年 10月",9918.326,76.937,199.66,14.162,196.29,978.54,1000.729,349.042,56.869,74.542,153.113,244.436,26.803,89.508,99.783,656.891,4616.243,331.967,567.218,185.593
"90年 11月",8136.985,64.535,153.921,9.925,166.236,765.108,740.805,260.775,40.977,57.33,124.295,172.695,19.021,64.809,75.683,551.535,3620.127,568.814,469.725,210.669
"90年 12月",8697.956,66.093,146.712,10.27,215.723,922.262,875.139,285.287,47.56,68.434,138.388,203.298,22.388,73.086,78.829,651.14,3900.558,302.022,520.241,170.525
"91年",115112.835,875.991,2085.594,161.897,2085.607,12655.934,11505.039,3768.25,701.365,914.831,1725.944,2509.948,266.162,997.308,847.009,9278.108,50894.115,4603.343,6724.485,2511.905
"91年 1月",7560.318,80.511,173.965,13.144,171.956,762.473,700.428,173.59,44.514,49.165,78.195,130.029,16.388,59.118,50.552,444.634,3670.353,325.221,430.765,185.317
"91年 2月",6699.739,54.619,161.131,8.033,131.944,569.009,653.466,209.869,36.566,56.572,94.363,132.139,13.961,62.821,54.507,500.043,3000.092,378.658,335.08,246.866
"91年 3月",10394.696,70.454,155.257,10.481,163.287,1098.433,980.11,367.654,55.194,83.556,181.522,256.555,26.399,87.486,76.315,774.979,4744.387,494.71,626.374,141.543
"91年 4月",9958.519,76.163,162.478,16.424,172.576,1052.847,1031.352,365.346,61.421,79.774,172.864,259.43,22.904,85.429,75.525,823.156,4415.197,327.956,585.102,172.577
"91年 5月",9661.651,73.743,176.009,15.907,176.35,1053.646,1032.389,380.402,59.739,86.813,166.186,236.384,21.854,87.719,66.224,809.367,4111.458,322.918,551.711,232.833
"91年 6月",9842.742,72.534,155.469,11.108,175.909,1017.13,1052.278,349.289,62.199,88.428,162.237,212.895,18.368,87.815,71.725,762.42,4386.507,363.263,619.571,173.597
"91年 7月",10862.458,73.972,167.79,18.504,184.412,989.156,1085.008,349.227,71.411,91.501,178.509,213.663,26.585,96.528,79.452,936.261,4796.416,588.342,725.674,190.048
"91年 8月",9304.543,62.343,174.173,12.386,182.783,1145.686,985.593,296.749,65.563,82.58,146.069,198.802,22.863,79.548,60.796,871.923,3857.236,265.566,590.537,203.348
"91年 9月",10755.365,76.986,196.045,10.59,190.031,1687.99,990.061,319.491,60.164,77.082,141.564,227.182,26.691,88.242,76.616,845.569,4457.518,473.654,562.199,247.69
"91年 10月",10408.995,82.772,137.075,10.633,164.11,1343.598,1030.544,320.678,51.542,70.186,141.222,231.132,23.824,87.431,83.246,904.748,4616.049,324.402,615.927,169.877
"91年 11月",9565.528,71.116,196.177,18.105,171.942,1076.727,937.346,299.669,62.774,72.314,128.364,199.565,21.195,84.972,66.502,785.175,4168.626,390.969,520.728,293.263
"91年 12月",10098.28,80.779,230.026,16.582,200.307,859.239,1026.464,336.287,70.277,76.861,134.848,212.173,25.131,90.199,85.548,819.833,4670.277,347.685,560.818,254.946
"92年",130244.108,960.478,2388.294,192.108,2342.04,16392.498,13727.336,4173.957,793.955,975.259,1948.098,2437.112,311.152,1243.671,1027.134,11415.627,53847.272,5087.125,8777.12,2203.871
"92年 1月",9722.906,89.795,221.588,14.623,193.205,1327.942,953.858,301.228,62.135,82.963,149.63,191.121,27.693,82.655,71.511,860.552,4067.526,363.127,442.886,218.867
"92年 2月",8645.389,60.001,143.579,10.859,142.35,1184.686,928.221,278.332,51.68,60.827,134.974,167.257,17.349,69.978,52.231,752.525,3699.532,301.868,478.446,110.695
"92年 3月",11189.598,83.336,192.023,18.643,208.57,1187.267,1315.492,393.903,72.488,95.224,185.039,247.951,30.884,109.645,80.728,1035.512,4631.443,414.492,709.889,177.068
"92年 4月",10680.543,81.128,190.467,14.516,185.016,1420.422,1246.919,364.013,73.489,91.473,187.956,215.57,25.154,93.816,93.24,970.686,4252.744,398.444,607.111,168.379
"92年 5月",9755.783,80.464,187.824,20.007,182.461,1448.248,1042.505,334.851,67.42,84.548,164.173,233.935,23.264,101.294,69.66,896.529,3619.31,407.58,606.54,185.17
"92年 6月",10548.033,72.972,227.601,13.658,194.852,1440.408,1084.116,367.177,64.753,74.518,171.354,187.436,22.197,109.641,72.688,947.104,4258.752,386.948,702.703,149.154
"92年 7月",10603.342,65.089,181.413,19.387,201.429,1141.537,1106.552,334.944,71.387,79.531,162.43,174.03,22.949,100.572,72.144,915.795,4446.787,606.136,676.524,224.704
"92年 8月",10624.259,70.894,195.498,13.15,200.386,1253.573,1177.244,312.986,64.85,80.505,150.249,186.86,26.605,98.069,81.98,940.157,4413.278,462.716,722.956,172.303
"92年 9月",11214.219,92.006,175.774,18.802,199.628,1510.91,1157.29,344.378,66.203,75.989,158.589,194.916,27.701,107.788,94.341,992.927,4644.957,347.835,824.534,179.652
"92年 10月",11137.756,86.231,173.217,19.234,186.298,921.519,1229.846,366.216,64.813,78.574,169.642,208.381,26.68,118.755,104.84,1010.067,4919.364,379.519,888.11,186.451
"92年 11月",12665.025,84.683,212.053,16.281,214.847,1663.238,1203.931,384.712,65.518,88.457,155.947,209.994,27.446,117.841,113.288,998.541,5423.142,439.903,1032.336,212.867
"92年 12月",13457.255,93.881,287.258,12.95,232.999,1892.748,1281.361,391.217,69.219,82.648,158.115,219.661,33.229,133.617,120.483,1095.231,5470.438,578.557,1085.083,218.56
"93年",171547.039,1054.916,2674.967,235.273,2652.185,23041.138,17932.521,5527.973,870.806,1247.493,2214.988,2722.143,383.911,1791.588,1455.354,18599.038,67438.933,6509.736,12762.798,2431.28
"93年 1月",10831.162,87.086,216.305,16.598,213.816,1052.32,1173.228,327.221,56.511,77.195,143.696,179.688,26.802,122.135,98.265,1118.882,4530.036,439.134,785.569,166.677
"93年 2月",13439.584,82.359,213.726,19.604,173.577,1996.05,1409.083,438.978,67.372,95.396,183.957,210.925,23.743,135.953,121.381,1277.391,5309.361,431.744,1075.752,173.233
"93年 3月",14411.816,98.065,242.571,14.36,225.153,1423.706,1559.811,481.161,80.141,117.659,195.068,251.642,37.423,157.619,120.712,1597.245,5981.711,470.181,1135.326,222.26
"93年 4月",13410.514,91.984,242.436,18.304,204.656,1609.061,1326.048,425.531,72.137,104.298,178.392,228.915,29.159,135.345,112.388,1696.629,5229.214,451.128,1054.948,199.941
"93年 5月",14837.113,96.209,275.803,34.132,235.303,2023.313,1532.581,480.495,77.061,128.017,212.378,238.186,28.574,166.054,132.853,1686.621,5494.392,738.646,1041.183,215.311
"93年 6月",14949.562,82.806,239.068,33.454,234.558,2275.286,1405.735,474.258,81.725,101.598,187.684,202.644,31.895,145.425,126.246,1696.316,5571.013,742.084,1117.098,200.67
"93年 7月",14066.224,76.821,247.366,16.53,215.757,1866.663,1420.107,447.622,70.085,115.746,199.935,208.702,31.803,151.889,101.371,1590.092,5491.874,560.03,1058.7,195.132
"93年 8月",14177.496,86.277,217.749,22.293,230.995,1791.479,1510.687,469.89,77.04,103.841,189.131,240.849,34.823,150.658,112.816,1614.787,5717.127,369.297,1021.287,216.469
"93年 9月",14494.258,83.344,164.546,11.835,220.422,2312.952,1517.107,446.93,66.45,108.091,182.98,223.239,34.505,146.077,92.85,1409.998,5789.215,471.616,1024.106,187.998
"93年 10月",15352.556,102.121,195.154,17.495,223.342,2072.248,1700.425,504.768,73.212,105.482,176.068,252.866,34.528,155.466,132.465,1623.854,6261.488,456.337,1072.966,192.272
"93年 11月",15273.857,82.838,191.084,15.069,234.2,1748.013,1662.896,527.382,73.145,105.706,184.355,255.746,36.264,160.665,149.991,1660.728,6247.921,512.065,1198.221,227.567
"93年 12月",16302.896,85.006,229.16,15.6,240.408,2870.048,1714.813,503.737,75.927,84.464,181.344,228.742,34.39,164.303,154.016,1626.495,5815.58,867.473,1177.64,233.752
"94年",185430.191,1202.813,2767.755,230.248,3004.289,29950.124,19861.366,6204.476,887.371,1241.179,2272.991,2643.737,434.419,2160.413,1764.701,18937.33,69459.567,8061.459,11513.09,2832.861
"94年 1月",15824.083,108.38,289.641,18.549,281.663,2031.851,1717.47,513.349,75.043,128.532,198.097,254.944,42.718,179.592,158.62,1689.732,6021.864,847.798,1020.721,245.521
"94年 2月",11147.556,69.37,161.22,19.285,197.228,1431.781,1260.408,375.725,56.12,74.053,149.423,165.777,21.97,125.31,80.856,1287.926,4456.431,429.022,626.457,159.193
"94年 3月",16508.566,105.028,206.067,18.92,260.945,2515.293,1801.257,551.535,79.08,116.266,210.876,257.23,39.119,155.905,149.569,1806.246,6288.568,709.173,984.902,252.588
"94年 4月",15876.275,97.256,243.005,15.646,233.184,2667.65,1733.627,496.454,69.881,104.901,184.153,235.11,31.057,151.713,159.056,1809.656,5584.861,743.453,1094.022,221.589
"94年 5月",16464.224,117.717,253.004,18.277,247.344,2496.553,1700.496,547.241,79.337,109.968,198.115,216.87,34.214,186.961,168.802,1706.444,6102.497,726.815,1237.925,315.643
"94年 6月",15304.962,112.2,238.685,22.734,269.654,2522.255,1560.44,516.219,74.119,103.044,199.985,199.31,31.384,190.066,148.7,1616.561,5606.869,604.713,1063.305,224.72
"94年 7月",15364.405,108.76,198.279,21.958,239.763,2438.993,1644.853,512.235,79.587,103.078,187.269,189.094,37.315,181.486,141.947,1515.327,5910.688,770.421,867.883,215.469
"94年 8月",15733.26,102.184,230.662,19.023,259.469,2930.968,1629.325,517.716,76.919,106.28,190.931,212.077,43.427,191.252,138.421,1721.75,5724.36,596.661,825.243,216.594
"94年 9月",15795.634,100.586,204.809,21.011,234.097,2937.984,1617.314,530.321,68.719,100.747,188.828,227.21,43.488,204.616,133.912,1493.195,5851.765,676.568,959.275,201.188
"94年 10月",16714.114,99.276,269.676,19.177,273.904,2929.791,1830.113,586.793,81.399,98.241,193.318,268.184,39.469,206.958,149.178,1482.734,6231.746,854.783,871.218,228.157
"94年 11月",16128.799,90.187,259.722,17.943,242.521,2782.523,1765.702,538.952,75.522,92.85,187.156,221.48,35.278,187.14,168.441,1453.745,6201.864,571.689,1007.616,228.468
"94年 12月",14568.313,91.87,212.986,17.726,264.516,2264.484,1600.36,517.937,71.644,103.22,184.841,196.449,34.979,199.413,167.198,1354.015,5478.054,530.363,954.523,323.733
"95年",206442.269,1214.285,2670.163,199.155,3327.314,38919.177,22631.27,6672.618,899.714,1238.487,2333.833,2748.917,421.611,2292.401,2359.055,23307.476,73528.317,6623.151,12559.84,2495.486
"95年 1月",14795.112,103.15,192.486,16.117,282.339,2930.196,1620.968,495.059,70.618,82.748,169.137,210.273,35.32,175.15,151.258,1351.595,5294.316,539.435,875.855,199.092
"95年 2月",16399.649,94.189,222.512,8.674,276.306,3407.29,1825.049,568.63,73.092,81.203,182.145,197.178,26.815,183.628,169.972,1474.977,6035.258,483.573,927.687,161.472
"95年 3月",16610.253,102.202,210.686,14.95,263.477,2870.004,1925.367,561.76,80.583,98.621,200.463,242.757,40.866,204.435,182.326,1546.287,6226.353,564.931,1082.68,191.505
"95年 4月",16786.748,116.798,202.86,17.582,267.824,3133.567,1797.313,547.399,77.182,93.984,199.093,243.7,37.652,173.803,171.391,1791.785,6038.374,526.478,1149.96,200.002
"95年 5月",18476.646,109.332,204.907,19.662,282.907,4124.633,1917.517,572.233,73.415,100.762,190.19,219.12,30.541,209.068,196.291,2064.617,6293.369,533.059,1119.838,215.185
"95年 6月",17157.28,94.748,227.709,18.22,281.673,3252.774,1753.52,544.715,71.642,105.81,199.586,208.469,31.556,196.835,183.454,2039.68,5977.736,687.42,1069.026,212.706
"95年 7月",18234.339,105.379,223.749,16.777,335.627,2681.08,2014.34,570.146,79.125,109.449,208.532,226.402,36.535,209.019,230.986,2221.095,6876.905,639.92,1204.523,244.75
"95年 8月",18387.927,98.02,286.024,12.495,293.042,4262.576,2007.893,563.664,77.361,107.066,204.203,232.892,37.185,186.544,178.8,2086.479,6127.907,483.909,933.995,207.872
"95年 9月",17425.747,87.815,188.08,19.787,250.4,3595.317,1894.793,556.543,75.459,112.195,193.131,235.77,39.123,168.715,208.395,2157.992,6026.71,443.673,958.526,213.324
"95年 10月",17804.801,98.305,232.213,22.022,269.448,2998.651,2032.363,628.801,77.523,124.493,201.634,281.775,37.399,202.733,241.839,2229.414,6381.861,470.981,1077.471,195.875
"95年 11月",17431.723,92.498,224.77,12.004,270.341,2622.714,1956.92,577.409,74.583,110.776,200.934,247.272,38.698,194.657,211.538,2186.512,6469.769,653.744,1040.466,246.118
"95年 12月",16932.044,111.849,254.166,20.864,253.931,3040.374,1885.225,486.26,69.133,111.381,184.786,203.309,29.92,187.813,232.804,2157.044,5779.758,596.029,1119.814,207.585
"96年",222981.666,1367.814,3311.727,286.332,3329.439,45960.483,25066.409,6949.369,970.084,1319.465,2505.982,2685.29,400.981,2659.732,3014.802,26885.258,73831.249,6737.514,13078.28,2621.455
"96年 1月",18328.949,136.366,343.806,19.128,341.508,3385.489,2029.228,557.003,80.744,115.475,219.737,242.93,44.694,220.135,291.815,2319.498,6193.466,556.633,1005.436,225.859
"96年 2月",12979.822,78.219,198.789,6.547,187.477,2427.663,1594.933,407.291,58.801,79.323,166.7,175.794,27.878,166.033,166.929,1483.858,4580.24,348.275,671.586,153.486
"96年 3月",17992.456,116.636,269.412,24.346,313.842,2963.881,2127.872,569.202,85.439,108.504,209.008,240.589,35.608,201.825,250.916,2491.257,5931.221,773.999,1083.237,195.661
"96年 4月",18663.518,110.245,249.588,22.06,258.749,3465.578,2159.239,574.62,81.592,115.022,217.734,233.576,32.765,248.085,241.461,2356.843,6413.753,649.689,1032.574,200.343
"96年 5月",18473.556,120.704,227.847,30.323,280.92,3590.82,2054.122,589.123,82.638,142.074,208.595,215.197,27.385,221.864,245.913,2525.26,6049.775,607.642,1031.73,221.625
"96年 6月",18963.604,119.308,244.762,16.287,252.663,4286.406,1899.786,564.458,85.028,148.073,192.503,194.38,27.662,222.95,228.288,2401.743,6019.973,648.287,1219.188,191.86
"96年 7月",21159.992,133.973,310.556,22.62,301.603,4351.201,2258.73,639.031,93.48,118.954,232.447,228.157,36.651,232.871,254.076,2573.929,7156.999,513.359,1427.893,273.46
"96年 8月",18302.997,98.716,302.854,31.475,272.872,3788.532,2075.184,577.652,83.709,93.807,199.724,213.362,33.878,200.63,210.701,2051.241,6379.302,382.706,1096.272,210.379
"96年 9月",19271.146,107.143,314.572,27.751,257.361,4242.911,2193.826,606.383,71.732,116.968,200.819,234.277,41.427,226.536,251.387,2169.653,6234.507,566.878,1190.001,217.015
"96年 10月",19513.473,111.882,266.261,21.162,287.559,4470.235,2257.774,632.079,83.46,106.166,221.599,265.231,34.491,240.845,286.461,2048.763,6214.948,568.349,1157.557,238.65
"96年 11月",17852.465,109.75,260.787,33.568,277.393,3713.497,2069.143,596.613,76.67,88.412,214.946,219.327,25.153,225.331,268.2,2033.46,6047.603,438.265,918.127,236.219
"96年 12月",21479.688,124.871,322.493,31.065,297.493,5274.269,2346.573,635.913,86.791,86.687,222.17,222.469,33.389,252.627,318.654,2429.754,6609.461,683.431,1244.679,256.898
"97年",244197.197,1587.245,4322.682,397.958,3655.073,65379.813,27201.417,7169.406,1020.723,1312.134,2761.048,2716.013,437.414,2895.461,3378.633,29161.712,71680.688,5525.591,10841.035,2753.15
"97年 1月",20943.193,136.574,450.693,30.726,349.637,4701.189,2383.533,678.629,83.04,117.551,243.001,244.97,37.933,279.403,326.111,2343.319,6773.064,472.693,1048.452,242.675
"97年 2月",16313.033,84.603,274.297,28.171,213.832,4129.098,1980.406,507.738,64.281,89.13,196.841,171.805,21.751,225.176,194.762,1783.777,5025.216,325.385,839.126,157.638
"97年 3月",24618.207,136.129,507.903,37.147,335.538,6436.994,2600.055,741.735,96.921,117.889,234.322,267.722,47.129,299.955,343.227,2949.254,7392.34,544.2,1296.65,233.094
"97年 4月",21981.165,132.355,448.417,40.708,324.212,5161.02,2423.088,657.673,90.261,113.324,248.997,263.384,42.373,268.522,286.468,2909.123,6666.764,618.543,1048.892,237.041
"97年 5月",21638.106,141.646,431.626,33.201,296.068,5961,2302.345,603.422,83.062,118.697,255.865,221.991,36.485,248.799,346.814,3168.368,5751.258,500.292,906.195,230.971
"97年 6月",23131.565,145.148,331.615,60.206,293.138,6113.024,2628.633,691.712,83.803,124.501,259.641,221.349,34.606,296.141,340.646,2960.3,6643.305,633.259,1022.749,247.788
"97年 7月",23631.522,152.864,319.914,38.306,352.525,6677.405,2755.006,698.572,83.627,123.105,287.714,222.025,36.74,272.591,350.155,3111.864,6376.522,485.976,1022.539,264.071
"97年 8月",25451.77,139.374,374.051,45.128,339.007,9008.769,2781.343,656.858,92.749,129.413,251.974,229.518,36.929,273.51,289.079,2975.746,6337.573,379.434,875.683,235.631
"97年 9月",21159.534,151.166,314.679,26.6,280.581,5927.248,2513.776,591.844,86.75,113.113,247.887,243.205,41.447,225.402,289.285,2542.775,6018.214,404.09,918.337,223.135
"97年 10月",17989.372,120.069,274.437,12.622,288.46,4785.46,2007.778,551.879,85.519,92.727,219.028,241.843,31.306,212.392,287.577,1882.875,5591.551,397.906,682.945,222.996
"97年 11月",15399.238,121.905,309.386,25.656,279.747,3797.783,1639.224,453.546,87.742,86.883,164.655,204.364,34.749,170.946,220.889,1529.129,5015.271,384.184,641.078,232.1
"97年 12月",11940.493,125.412,285.664,19.488,302.326,2680.824,1186.229,335.797,82.966,85.802,151.124,183.838,35.966,122.623,103.62,1005.181,4089.609,379.628,538.388,226.01
"98年",177132.536,1522.424,3591.423,264.544,3369.154,39424.643,20700.973,5962.627,747.163,883.072,2030.816,2207.824,366.508,2362.381,3243.234,15286.322,59981.1,4972.865,7429.932,2785.531
"98年 1月",9099.334,105.442,273.243,10.183,264.224,2089.69,910.314,221.024,57.823,50.189,108.89,155.841,28.267,88.464,83.397,666.165,3034.08,325.556,428.25,198.29
"98年 2月",11028.612,104.357,254.987,17.868,276.012,2412.535,1200.342,334.317,62.759,56.706,134.289,156.247,26.332,119.096,127.884,804.592,3852.864,497.085,415.688,174.652
"98年 3月",12422.041,119.175,271.787,17.438,283.431,2482.519,1501.184,417.509,65.086,65.487,147.007,192.092,37.19,127.41,222.202,948.998,4398.264,373.669,502.896,248.698
"98年 4月",12927.919,123.948,312.936,19.88,268.948,3245.299,1558.888,439.396,59.024,74.552,148.167,158.394,30.36,142.32,234.384,866.181,4282.846,297.796,459.307,205.293
"98年 5月",13194.46,114.576,298.571,20.203,262.152,3200.026,1616.744,461.626,48.656,59.544,154.616,150.353,21.682,179.165,265.774,1071.188,4244.029,293.727,526.629,205.198
"98年 6月",15406.18,135.252,336.511,28.919,319.847,3220.201,1852.886,550.575,66.215,81.484,186.586,182.53,33.906,208.558,333.167,1421.157,5197.432,398.576,623.882,228.496
"98年 7月",15555.089,123.428,335.149,28.282,269.348,3797.826,1769.215,549.598,58.78,80.665,187.868,160.486,30.863,213.464,251.28,1370.681,5054.625,393.75,647.505,232.277
"98年 8月",17255.41,126.488,327.99,35.177,306.029,4636.046,1885.449,586.114,63.274,72.595,193.663,190.231,30.498,224.986,238.974,1467.924,5456.013,468.428,688.058,257.476
"98年 9月",16692.412,133.922,331.137,20.631,290.756,3292.987,2109.868,601.647,62.626,83.087,198.935,212.595,37.31,237.202,290.96,1640.168,5768.942,398.405,734.509,246.724
"98年 10月",16836.409,142.748,216.684,19.698,254.199,3633.53,1960.113,591.854,59.469,68.243,174.686,213.013,28.679,259.765,392.162,1495.622,5913.243,432.589,740.118,239.996
"98年 11月",18154.405,145.362,289.139,27.182,284.871,3279.656,2178.063,627.125,66.991,105.017,196.213,225.41,27.312,267.01,377.478,1827.69,6575.746,566.423,812.876,274.842
"98年 12月",18560.266,147.727,343.289,19.082,289.338,4134.328,2157.906,581.843,76.459,85.502,199.897,210.632,34.112,294.941,425.572,1705.956,6203.016,526.862,850.215,273.588
"99年",255745.764,1963.963,4267.082,340.981,3976.67,55261.227,29858.922,8829.3,1024.754,1304.431,2712.15,2935.332,427.879,3706.339,4757.881,24522.448,88007.561,7584.917,10807.592,3456.335
"99年 1月",19539.178,174.911,468.796,34.64,339.34,4571.827,2304.409,664.648,74.882,105.777,216.914,231.646,36.842,310.99,354.645,1723.079,6348.729,559.301,737.436,280.366
"99年 2月",16024.693,132.925,281.429,16.72,250.893,3265.657,2105.284,559.281,61.993,77.413,171.761,171.335,23.945,264.983,245.725,1552.364,5461.63,415.088,754.397,211.87
"99年 3月",22399.137,165.642,295.09,32.054,338.304,5092.02,2527.143,804.296,79.967,105.65,273.018,238.184,33.456,352.584,439.28,2066.499,7679.035,614.357,1001.052,261.506
"99年 4月",19983.087,144.143,273.797,21.787,280.187,4481.947,2265.286,703.757,77.494,98.56,207.103,226.04,32.209,288.482,359.298,1927.04,6892.589,579.158,878.355,245.856
"99年 5月",22699.333,167.184,362.473,32.971,346.633,5363.908,2489.09,795.536,87.424,122.593,235.229,240.919,31.823,311.847,389.973,2409.235,7416.177,596.117,1001.014,299.186
"99年 6月",21580.886,171.279,303.29,21.785,321.309,4810.471,2522.62,766.453,97.988,122.537,222.774,220.332,36.057,342.4,422.194,2255.122,7144.266,584.088,938.844,277.079
"99年 7月",22172.764,167.634,305.218,26.395,358.515,5385.782,2533.265,738.391,90.334,116.633,219.459,229.66,33.614,335.099,401.313,2006.883,7403.421,616.767,935.253,269.128
"99年 8月",22117.341,173.328,383.467,29.946,356.882,4100.134,2604.403,768.309,92.588,118.779,239.374,275.162,36.565,357.675,353.782,2304.929,8112.857,517.186,1004.999,286.974
"99年 9月",20885.612,142.944,328.029,25.571,292.096,4138.341,2421.64,704.762,81.546,90.308,203.118,242.11,39.97,244.232,323.482,1952.778,7923.772,568.357,888.601,273.955
"99年 10月",21520.988,159.308,352.056,28.37,352.699,3995.527,2609.42,725.706,93.951,110.905,233.501,271.562,41.801,269.542,505.375,2053.833,7871.237,578.575,899.723,367.895
"99年 11月",24232.617,178.554,489.683,33.323,347.271,5434.389,2787.868,802.497,91.123,112.602,259.224,296.942,38,324.102,514.902,2158.074,8055.793,1073.928,883.427,350.915
"99年 12月",22590.128,186.11,423.753,37.418,392.542,4621.223,2688.493,795.663,95.463,122.675,230.675,291.441,43.598,304.404,447.911,2112.612,7698.054,881.995,884.491,331.606
"100年",287315.902,2372.168,4948.359,439.36,4491.433,68444.942,34403.73,10097.013,1217.315,1401.627,2944.763,3626.429,524.287,3749.908,6224.237,27252.123,91146.924,8762.594,11363.049,3905.638
"100年 1月",24092.37,231.302,444.136,34.816,378.15,5119.62,2934.444,864.365,98.747,120.921,252.106,327.79,47.853,316.088,546.303,2398.576,8102.173,682.847,869.445,322.687
"100年 2月",20853.209,139.89,284.974,34.663,286.071,5093.059,2657.899,724.061,72.744,93.817,209.173,210.158,24.533,327.526,334.004,2001.092,6709.794,662.541,782.049,205.162
"100年 3月",26197.998,214.263,386.188,42.955,378.977,5730.369,3406.933,952.593,99.492,119.133,262.855,323.392,46.881,350.678,533.057,2558.44,8499.844,823.514,1142.834,325.599
"100年 4月",24926.393,205.014,376.705,33.742,387.258,6401.228,3053.466,917.176,90.713,132.133,265.347,303.052,45.231,301.244,556.538,2493.338,7451.798,611.843,1006.378,294.188
"100年 5月",27075.887,215.477,519.289,45.519,375.965,6325.302,3192.652,950.023,108.499,150.713,272.619,303.054,33.886,337.373,478.628,2630.793,8894.746,782.98,1163.259,295.108
"100年 6月",24215.758,189.279,427.023,46.026,356.003,5665.212,2822.546,880.311,108.51,115.682,261.691,258.935,40.775,343.576,464.83,2286.104,7980.716,733.5,953.564,281.476
"100年 7月",25399.981,180.103,437.784,38.168,401.416,6635.044,3011.855,852.457,106.006,104.964,262.728,276.772,47.235,372.923,495.422,2234.444,7862.41,710.52,1051.395,318.333
"100年 8月",23542.314,190.769,409.102,26.238,404.491,5006.388,3018.163,823.369,114.194,126.224,257.508,316.111,49.699,349.295,508.543,2429.504,7516.456,738.249,933.381,324.633
"100年 9月",23142.911,195.51,391.056,33.641,376.099,5917.589,2806.986,802.247,104.077,90.384,223.279,326.638,51.385,280.161,650.619,2065.584,7047.128,675.345,818.954,286.227
"100年 10月",24091.998,220.111,336.812,38.686,387.2,5933.849,2926.174,837.255,104.098,140.591,237.744,356.081,52.495,276.874,600.453,2188.122,7347.354,791.056,944.324,372.718
"100年 11月",21817.035,196.997,445.213,33.914,387.88,5131.708,2256.542,783.878,108.233,104.864,211.885,340.295,38.701,253.202,405.862,2061.923,7050.173,755.368,826.122,424.276
"100年 12月",21960.049,193.454,490.077,30.992,371.922,5485.575,2316.071,709.278,102.001,102.2,227.828,284.149,45.612,240.969,649.979,1904.203,6684.332,794.83,871.344,455.231
"101年",276466.442,2346.816,5158.631,426.538,4692.651,74452.932,30487.311,9552.782,1195.454,1322.762,2819.599,3443.775,572.313,3632.596,6282.52,23319.077,83263.878,9249.237,10595.771,3651.8
"101年 1月",21107.824,194.198,403.32,34.815,358.777,5906.724,2235.352,720.547,89.001,98.237,211.378,271.303,46.004,258.674,323.742,1734.142,6538.267,737.154,652.014,294.174
"101年 2月",21040.68,192.376,336.471,36.369,349.985,5694.86,2427.076,777.444,83.315,86.52,221.022,253.28,37.887,253.117,365.588,1841.009,6393.253,640.161,804.568,246.379
"101年 3月",24704.7,189.98,357.919,29.284,394.514,7048.762,2673.63,837.81,99.878,114.712,219.746,282.849,55.958,285.074,870.577,2152.331,7216.737,729.273,823.15,322.514
"101年 4月",25311.179,187.502,409.102,45.14,372.78,7809.161,2696.785,838.597,103.329,114.641,243.141,288.453,46.879,310.572,645.534,2063.732,7156.184,693.769,943.397,342.48
"101年 5月",24188.697,205.392,412.339,44.612,401.06,6130.293,2777.924,863.043,103.969,134.375,244.8,282.067,41.635,323.221,661.162,2255.374,7369.234,744.527,903.207,290.462
"101年 6月",22217.782,172.393,351.982,33.878,379.161,5682.249,2455.417,745.308,96.542,100.495,235.667,244.602,45.588,289.433,441.115,1962.172,7029.628,701.062,984.816,266.273
"101年 7月",24752.831,196.384,450.953,40.2,433.214,6171.122,2949.939,845.909,113.027,125.345,270.363,262.949,50.373,338.593,347.802,2088.874,7821.182,881.896,1042.294,322.413
"101年 8月",21704.355,186.146,455.794,41.87,422.73,5447.58,2518.98,730.011,100.253,101.426,231.91,272.882,51.25,321.499,319.329,1833.38,6815.365,655.718,886.653,311.577
"101年 9月",23433.663,202.841,527.455,26.685,403.166,6257.245,2567.245,836.536,107.29,104.537,232.128,392.633,58.057,343.37,590.656,1975.736,6788.755,731.501,978.854,308.973
"101年 10月",23838.912,217.448,445.279,41.36,404.517,6264.525,2615.02,859.671,112.334,123.422,267.126,347.986,51.439,322.735,604.737,2030.783,6902.322,980.874,932.635,314.699
"101年 11月",21890.059,192.233,515.449,23.345,357.946,6430.189,2110.601,768.5,89.852,110.794,211.969,274.477,35.479,278.115,549.535,1606.201,6362.504,876.546,767.57,328.755
"101年 12月",22275.763,209.922,492.568,28.979,414.8,5610.223,2459.342,729.405,96.664,108.258,230.348,270.293,51.764,308.192,562.743,1775.341,6870.448,876.757,876.615,303.101
"102年",277384.288,2551.726,4855.947,388.953,4764.007,74049.081,31180.436,8987.471,1229.317,1459.737,2703.337,3375.695,604.157,3299.321,4682.892,21986.189,86164.377,9298.464,11063.903,4739.278
"102年 1月",25733.163,249.938,497.52,47.188,451.079,6899.087,2782.307,869.66,111.621,131.401,245.467,324.787,57.595,357.119,575.09,2200.804,7701.568,943.877,949.478,337.577
"102年 2月",19239.677,143.177,277.985,15.664,288.293,5665.101,2069.817,563.315,73.055,86.346,193.158,206.191,28.627,228.122,375.48,1496.863,5490.187,461.317,812.43,764.55
"102年 3月",24851.593,226.546,455.458,42.721,435.851,6532.451,2875.19,822.764,100.553,120.618,225.146,289.227,51.935,285.842,457.958,2160.371,7721.077,660.672,1052.554,334.66
"102年 4月",23553.066,194.982,349.593,35.126,403.388,6672.743,2651.649,760.138,97.748,138.934,213.667,280.841,49.844,297.033,370.868,1947.069,7115.136,721.374,890.036,362.899
"102年 5月",22664.587,203.355,442.963,31.74,384.077,5544.393,2403.189,750.687,93.658,118.822,219.605,230.839,40.205,279.146,300.981,1695.786,7762.108,805.687,974.331,383.014
"102年 6月",23821.2,221.3,426.806,24.924,400.801,6139.773,2677.078,739.727,113.162,123.361,220.955,241.541,47.311,274.783,324.74,1838.316,7767.034,922.94,1022.124,294.523
"102年 7月",22932.027,230.061,394.779,33.61,442.094,5512.143,2752.805,839.228,119.313,135.748,238.162,292.579,61.311,282.753,318.343,1898.947,7285.734,768.979,976.7,348.739
"102年 8月",21483.958,189.758,336.642,33.055,384.692,6333.816,2491.307,687.231,100.678,115.442,216.888,272.724,49.752,249.102,323.93,1551.083,6335.794,731.917,796.471,283.677
"102年 9月",23366.939,229.118,459.483,23.416,403.887,6191.313,2701.411,752.786,101.191,122.873,242.906,326.743,60.098,267.408,429.731,1841.957,7222.939,776.959,877.014,335.704
"102年 10月",23206.576,217.014,384.154,32.641,393.352,6224.315,2610.27,774.907,109.546,133.501,264.384,338.713,49.847,282.379,441.04,1792.343,7027.997,757.415,833.29,539.467
"102年 11月",21839.825,213.174,410.463,36.712,373.848,5860.187,2460.492,667.894,94.467,119.667,214.339,283.23,39.473,225.685,411.953,1747.986,6687.678,748.081,876.329,368.167
"102年 12月",24691.678,233.302,420.101,32.155,402.645,6473.76,2704.921,759.135,114.324,113.024,208.66,288.28,68.159,269.949,352.778,1814.664,8047.126,999.247,1003.146,386.301
"103年",281095.615,2992.429,4872.875,421.044,4848.52,70134.894,30340.373,9173.089,1444.149,1577.482,2534.149,3498.551,706.527,3175.373,5263.71,23344.507,87862.098,10869.073,12050.288,5986.484
"103年 1月",21812.817,263.766,452.876,44.421,380.055,5959.754,2344.821,712.435,107.344,131.481,210.547,297.582,65.759,235.976,337.084,1614.03,6523.857,700.89,825.579,604.56
"103年 2月",20268.637,191.509,343.822,31.301,331.398,5954.656,2287.386,620.025,85.63,116.136,169.349,215.226,36.972,204.15,364.648,1640.418,6046.058,577.254,825.898,226.801
"103年 3月",26570.86,259.419,418.138,27.24,471.391,7052.033,2931.48,840.812,129.447,148.388,244.859,316.303,65.44,276.367,562.088,1973.741,8275.9,923.625,1149.335,504.854
"103年 4月",24736.181,254.363,419.828,40.068,403.812,6176.561,2658.575,796.624,126.79,158.019,227.366,278.106,54.283,269.862,424.063,1964.719,7649.547,917.931,1075.365,840.299
"103年 5月",21938.259,263.647,492.614,49.901,368.885,4868.374,2427.582,729.711,116.362,132.731,202.47,243.974,43.773,246.943,398.183,1896.997,7016.428,1112.797,999.864,327.023
"103年 6月",25548.969,297.639,443.003,31.775,402.261,6304.209,2811.893,819.555,135.643,139.894,217.768,267.519,64.891,275.714,492.319,2239.165,8023.581,967.073,1252.362,362.705
"103年 7月",24893.535,260.328,376.818,38.438,417.226,6169.105,2768.365,839.524,148.146,132.57,228.244,294.302,60.166,278.399,440.26,2066.029,7552.911,1207.512,1237.287,377.905
"103年 8月",24467.859,235.565,414.827,42.626,407.613,6927.329,2606.743,788.706,121.801,117.879,189.026,313.595,62.542,281.692,428.701,2085.083,7296.575,708.349,1076.951,362.256
"103年 9月",23330.368,243.919,400.917,27.748,404.171,5453.52,2525.312,789.121,124.758,126.995,215.307,341.792,79.442,287.483,395.429,2091.687,7539.459,855.217,925.721,502.37
"103年 10月",22971.446,225.02,331.96,27.346,395.642,5797.772,2352.933,760.994,112.542,126.959,218.103,316.536,50.609,282.051,436.117,1899.021,6930.019,1118.595,910.992,678.235
"103年 11月",22998.818,241.88,395.846,26.084,422.941,5047.737,2374.434,766.828,118.718,126.84,211.26,313.301,54.317,270.86,524.122,2060.328,7717.034,986.785,927.867,411.636
"103年 12月",21557.866,255.374,382.226,34.096,443.125,4423.844,2250.849,708.754,116.968,119.59,199.85,300.315,68.333,265.876,460.696,1813.289,7290.729,793.045,843.067,787.84
"104年",236380.483,2953.199,4568.024,359.66,4633.995,41585.138,25632.342,7981.946,1170.718,1360.732,2302.832,3509.337,810.724,2815.501,4890.859,19230.9,83265.939,11832.264,10998.591,6477.782
"104年 1月",21044.82,276.123,510.876,46.182,423.098,3616.554,2179.035,675.64,114.757,130.86,201.699,322.087,79.197,249.447,538.132,2000.348,7532.891,913.888,783.806,450.2
"104年 2月",15665.497,193.139,311.699,16.078,279.741,2760.761,1762.39,536.823,82.369,93.541,142.355,236.762,52.525,197.33,337.731,1344.238,5588.956,729.799,693.574,305.686
"104年 3月",21885.23,290.4,387.3,42.243,414.795,3871.353,2507.943,796.316,113.803,131.623,236.69,319.564,73.87,253.782,479.532,1804.434,7606.425,1025.065,1085.107,444.985
"104年 4月",19282.039,240.781,331.178,25.335,339.492,3423.662,2176.15,680.005,102.775,128.106,190.749,269.527,57.456,237.684,451.723,1680.522,6674.829,882.171,1003.617,386.277
"104年 5月",20654.033,249.452,360.602,26.304,369.986,4063.765,2280.198,704.003,103.96,131.919,191.878,263.372,54.066,245.669,477.816,1705.62,6854.182,1041.129,914.615,615.497
"104年 6月",21360.436,257.141,360.775,28.729,384.481,4281.608,2260.676,709.942,115.697,116.921,184.191,277.945,82.108,246.094,407.358,1641.554,7346.495,1139.132,1134.454,385.135
"104年 7月",20476.366,238.179,324.201,37.913,383.251,3676.014,2155.53,662.868,99.657,115.628,188.978,280.344,63.291,241.547,379.565,1574.769,7143.63,1319.107,974.683,617.211
"104年 8月",20749.705,244.87,374.589,26.538,453.229,3814.492,2352.309,685.578,94.623,103.878,205.879,322.584,66.784,236.192,409.876,1752.043,7170.543,1173.256,883.529,378.913
"104年 9月",17986.908,235.536,413.554,30.87,354.577,3069.795,1997.471,628.444,73.478,100.651,185.361,310.291,78.278,242.352,334.423,1424.899,6510.411,835.714,814.814,345.989
"104年 10月",18606.647,240.878,365.942,22.373,396.633,2973.062,1977.974,613.384,83.719,106.401,176.898,315.326,61.8,233.277,306.065,1433.447,7048.465,854.841,838.946,557.216
"104年 11月",20375.875,243.117,393.075,22.492,403.929,3082.239,2029.861,662.224,98.849,102.799,214.761,307.718,59.665,215.173,394.385,1495.22,7335.393,1156.632,892.811,1265.532
"104年 12月",18292.927,243.583,434.233,34.603,430.783,2951.833,1952.805,626.719,87.031,98.405,183.393,283.817,81.684,216.954,374.253,1373.806,6453.719,761.53,978.635,725.141
"105年",229199.459,2842.867,4411.437,352.711,4582.091,35191.259,24993.606,7566.435,973.996,1179.322,2238.561,3337.21,820.561,2558.577,3500.116,16845.699,90429.07,11312.389,10822.734,5240.818
"105年 1月",18568.19,283.583,412.06,28.011,434.894,2696.435,2146.154,652.937,95.552,100.844,200.74,310.319,80.177,222.849,366.02,1302.325,6968.637,1020.202,819.536,426.915
"105年 2月",13463.58,174.013,205.129,19.737,270.351,2160.858,1645.073,436.111,57.829,63.761,162.618,199.372,42.432,139.885,223.995,995.427,5198.12,578.986,637.418,252.465
"105年 3月",18118.105,222.179,379.796,30.605,398.929,2285.946,2118.16,648.518,82.882,102.864,198.382,308.941,79.769,199.077,387.059,1383.461,6958.46,874.659,895.272,563.146
"105年 4月",17298.918,199.621,371.604,25.065,358.722,2784.862,2037.086,578.111,74.675,98.144,161.593,238.421,55.05,195.006,235.556,1311.476,6399.029,988.896,836.586,349.415
"105年 5月",19977.365,235.072,421.153,32.798,377.112,3068.428,2257.655,683.267,84.464,113.126,196.253,256.037,65.973,235.551,248.213,1527.243,7559.023,1075.349,1105.766,434.882
"105年 6月",19178.242,236.97,331.574,23.101,397.463,2932.652,2029.325,645.323,83.043,103.434,188.76,251.816,79.173,216.484,265.755,1496.286,7268.984,1076.454,951.891,599.754
"105年 7月",20289.347,240.545,410.235,34.973,404.648,3184.707,2171.025,654.552,82.431,95.693,177.69,277.785,70.734,229.311,319.052,1480.794,7885.041,1051.184,1032.755,486.192
"105年 8月",20467.463,257.255,407.862,30.448,439.221,3224.065,2237.187,699.611,89.704,110.244,210.003,314.095,72.063,240.017,281.841,1537.875,8165.905,801.46,950.043,398.564
"105年 9月",18062.613,208.948,349.603,20.002,290.158,2481.115,1841.355,581.027,65.846,92.065,170.867,260.116,70.357,206.893,275.337,1221.724,8019.283,736.566,850.208,321.143
"105年 10月",22189.396,259.15,384.966,36.43,409.413,3681.272,2291.639,677.646,85.858,102.643,198.662,323.024,58.979,238.499,297.29,1516.038,9147.012,1140.857,942.856,397.162
"105年 11月",20851.66,262.311,355,37.934,408.935,3211.791,2165.879,686.004,87.403,96.519,205.263,315.405,59.981,231.315,363.335,1547.166,8356.536,983.392,888.86,588.631
"105年 12月",20734.58,263.22,382.455,33.607,392.245,3479.128,2053.068,623.328,84.309,99.985,167.73,281.879,85.873,203.69,236.663,1525.884,8503.04,984.384,911.543,422.549
"106年",257199.59,3338.209,4663.395,391.007,4636.789,44024.497,27856.863,8380.945,989.811,1210.414,2481.362,3362.695,800.66,2671.611,3315.227,20476.613,100023.426,11766.966,11113.164,5695.936
"106年 1月",20038.779,266.202,408.684,32.21,349.866,3662.843,2003.648,605.888,86.658,96.889,183.784,264.597,64.867,201.946,286.293,1467.004,7644.115,800.519,926.299,686.467
"106年 2月",19091.922,208.602,316.082,27.48,317.77,3662.512,2180.991,643.195,74.925,77.337,188.882,232.699,48.231,196.883,227.304,1607.896,7082.795,753.485,893.339,351.514
"106年 3月",21565.949,264.136,384.088,37.372,383.759,3433.33,2541.979,759.059,83.793,105.996,225.174,311.246,86.62,221.053,238.253,1831.791,8311.573,867.973,1044.767,433.987
"106年 4月",21370.987,245.625,375.748,29.003,374.239,4201.623,2368.026,689.944,75.417,101.279,204.834,248.168,65.355,209.738,250.221,1724.322,7830.884,917.382,1039.833,419.346
"106年 5月",21914.975,266.55,437.231,35.804,411.181,3650.748,2283.447,757.873,87.416,105.547,217.221,264.484,57.755,228.275,223.086,1886.1,8451.323,1071.041,1015.073,464.82
"106年 6月",19784.298,268.72,370.415,32.841,376.539,3060.527,2090.522,677.654,86.073,109.946,192.582,269.889,70.894,215.919,317.019,1586.472,7716.763,990.538,912.869,438.116
"106年 7月",21508.985,285.063,360.222,35.316,414.676,3812.484,2274.934,723.436,94.786,100.097,205.712,278.246,66.451,235.474,256.66,1591.848,8494.824,964.073,890.461,424.222
"106年 8月",21845.077,313.899,490.419,29.626,427.402,3597.68,2389.142,704.281,81.105,106.79,216.67,294.743,71.689,230.099,262.868,1712.221,8555.751,986.626,845.531,528.535
"106年 9月",22110.386,288.926,372.847,35.094,411.318,3734.139,2348.947,689.923,73.686,91.811,217.003,297.812,72.378,234.825,312.361,1566.501,8883.348,1171.783,882.975,424.709
"106年 10月",22087.419,299.932,405.544,28.881,397.762,3302.826,2470.675,699.664,78.417,105.759,195.419,298.919,59.376,242.957,297.558,1753.505,9289.902,867.015,892.549,400.759
"106年 11月",22654.77,293.705,371.51,36.895,360.416,3514.881,2397.751,733.965,83.359,105.427,224.442,298.905,62.193,228.675,318.902,1891.804,9184.252,1223.186,841.898,482.604
"106年 12月",23226.043,336.849,370.605,30.485,411.861,4390.904,2506.801,696.063,84.176,103.536,209.639,302.987,74.851,225.767,324.702,1857.149,8577.896,1153.345,927.57,640.857
"107年",284791.673,3699.754,4618.891,383.145,4851.981,54917.964,30365.196,8958.264,983.211,1318.564,2676.815,3679.885,781.838,2849.374,3426.066,22450.981,108822.496,12049.478,12154.56,5803.21
"107年 1月",24562.216,360.258,492.005,34.366,446.439,4102.216,2700.182,801.926,98.046,103.767,267.2,338.982,73.163,252.469,329.169,1930.93,9551.685,1144.315,1041.018,494.08
"107年 2月",19185.263,258.938,275.924,32.744,279.205,3856.081,2184.439,590.988,65.283,82.388,168.34,231.46,54.856,201.143,215.516,1494.876,7340.208,749.531,737.529,365.814
"107年 3月",23845.592,331.58,292.393,35.573,426.816,4328.837,2766.998,770.825,76.952,99.886,244.65,299.662,66.056,243.312,261.165,2045.324,8871.379,1093.287,1083.356,507.541
"107年 4月",22430.72,295.885,358.114,32.453,384.946,4013.506,2541.751,738.346,77.587,119.133,204.934,279.836,57.45,240.83,272.492,1868.074,8544.049,891.207,990.479,519.648
"107年 5月",24505.692,327.777,456.259,27.971,441.463,4668.621,2717.071,799.265,83.294,132.882,224.416,288.065,64.221,248.118,264.914,2166.697,8956.122,1201.527,981.069,455.94
"107年 6月",22881.815,281.676,385.719,31.062,417.902,4787.296,2435.32,702.227,89.135,118.097,211.381,290.3,67.061,227.912,295.19,1832.361,8215.639,1080.107,952.387,461.043
"107年 7月",25939.812,331.231,471.845,34.089,463.318,5237.496,2688.419,845.274,96.212,114.962,250.088,322.856,62.421,263.228,341.755,1938.014,9643.179,1021.525,1200.623,613.277
"107年 8月",23554.321,291.557,362.114,28.458,379.251,4616.596,2500.85,724.846,74.229,104.976,213.935,299.352,59.472,222.643,260.98,1786.009,9439.579,706.913,1070.114,412.447
"107年 9月",25114.097,318.282,425.502,34.492,403.866,4994.071,2547.761,772.577,73.674,114.03,203.407,330.416,71.742,235.061,374.19,1885.133,9766.723,1067.801,1038.865,456.504
"107年 10月",26098.232,314.346,355.752,31.693,400.463,5282.856,2711.22,790.068,81.994,116.903,243.085,365.09,64.869,251.546,335.761,1887.015,10212.03,1096.716,1042.484,514.341
"107年 11月",22977.564,275.724,353.886,26.301,376.979,4462.571,2334.068,719.84,81.837,107.184,210.02,317.009,66.794,229.899,210.553,1804.372,9094.801,908.182,939.189,458.355
"107年 12月",23696.349,312.5,389.378,33.943,431.333,4567.817,2237.117,702.082,84.968,104.356,235.359,316.857,73.733,233.213,264.381,1812.176,9187.102,1088.367,1077.447,544.22
"108年",285651.45,3806.361,4815.703,343.405,4791.756,48570.099,27438.676,8548.538,992.098,1186.181,2489.844,3554.752,855.858,2724.113,2884.854,19977.084,121672.765,12020.901,12813.942,6164.52
"108年 1月",26225.283,362.085,491.905,29.47,437.088,4989.138,2464.056,814.829,103.228,125.275,251.292,362.405,81.045,264.304,213.994,1960.276,10497.207,876.74,1172.583,728.363
"108年 2月",15247.211,211.074,196.004,19.613,246.44,2461.537,1666.815,485.855,48.542,57.08,162.888,172.159,40.067,167.4,153.103,994.267,6607.785,563.415,668.195,324.972
"108年 3月",25364.698,325.585,432.501,30.87,411.55,4151.182,2615.541,807.239,84.428,105.804,218.523,327.387,76.343,238.795,262.939,1938.107,10677.976,924.569,1231.668,503.691
"108年 4月",22848.882,314.844,375.012,37.521,400.637,4567.814,2234.204,715.422,76.793,102.21,206.793,272.166,59.939,221.877,218.201,1724.255,8845.382,956.138,1019.108,500.566
"108年 5月",23080.978,315.477,433.151,25.209,413.878,4494.069,2299.129,701.816,80.112,113.453,231.913,264.389,60.22,234.67,256.219,1730.333,8845.575,1095.744,958.741,526.88
"108年 6月",24383.548,317.278,397.483,29.372,403.785,4359.82,2309.684,715.791,82.871,105.48,206.699,274.464,73.877,241.019,274.134,1707.791,9905.829,1389.919,1124.869,463.383
"108年 7月",24502.991,329.433,419.103,30.012,437.655,4421.702,2346.464,756.076,100.956,111.524,207.361,328.896,79.104,225.561,235.428,1737.306,10139.591,1021.269,1060.95,514.6
"108年 8月",22759.954,336.356,350.797,29.324,369.129,4246.677,2094.094,649.087,71.174,88.207,204.611,288.973,62.143,201.351,229.741,1514.73,9798.737,893.05,875.539,456.234
"108年 9月",24932.777,304.241,494.042,23.759,408.025,3565.473,2351.279,726.506,75.492,92.413,197.081,329.027,86.418,219.346,236.582,1749.292,11469.43,975.777,1150.859,477.735
"108年 10月",25022.358,327.105,362.06,31.058,391.487,3484.467,2379.717,728.926,80.159,95.515,209.578,326.037,66.381,228.686,270.035,1803.135,11419.232,1163.412,1154.004,501.364
"108年 11月",24283.881,314.562,455.347,28.656,420.816,3799.002,2285.925,677.724,87.574,85.491,183.021,283.479,84.377,218.088,268.46,1506.261,10773.013,1103.502,1132.704,575.879
"108年 12月",26998.889,348.321,408.298,28.541,451.266,4029.218,2391.768,769.267,100.769,103.729,210.084,325.37,85.944,263.016,266.018,1611.331,12693.008,1057.366,1264.722,590.853
"109年",286147.643,3839.983,4700.015,384.739,4724.711,33787.662,26497.165,8919.649,902.942,1141.296,2305.324,3365.794,796.124,2942.125,3821.751,19568.605,135826.766,11777.422,14415.832,6429.738
"109年 1月",21621.253,301.904,359.35,21.088,313.615,3655.038,1870.116,614.164,79.587,83.051,147.964,248.297,59.068,214.762,208.929,1397.404,9771.485,808.581,1001.274,465.576
"109年 2月",22040.469,301.687,355.073,32.939,346.106,4120.006,2214.14,651.623,64.163,75.162,187.817,213.8,50.9,210.102,272.175,1527.297,9287.235,755.173,1066.292,308.779
"109年 3月",25402.823,349.192,390.152,30.907,412.967,3296.387,2512.931,875.623,74.212,114.146,232.906,324.096,73.896,260.097,329.82,1967.115,11346.997,1007.276,1281.484,522.619
"109年 4月",22780.431,304.862,398.933,30.308,390.14,2638.211,2349.958,799.143,53.746,108.586,205.166,249.552,53.622,251.772,266.63,1626.866,10559.494,926.075,1053.887,513.48
"109年 5月",22198.61,327.792,383.91,35.51,387.466,2422.175,2124.768,735.343,61.42,106.309,213.321,233.361,62.844,249.453,233.009,1524.445,10613.724,769.88,1196.646,517.234
"109年 6月",22138.405,297.79,403.766,37.052,405.147,1970.38,2098.816,697.849,64.988,105.399,193.452,248.862,71.343,232.696,253.031,1609.277,10694.605,805.467,1387.468,561.017
"109年 7月",22759.043,321.15,379.105,31.503,398.393,2412.32,2113.766,681.949,72.041,102.129,185.864,272.001,65.989,244.647,243.48,1728.377,10957.61,784.836,1263.307,500.576
"109年 8月",24684.138,331.477,456.853,31.936,392.214,2693.026,2162.685,725.111,80.232,97.489,197.684,326.93,71.988,260.354,362.752,1805.836,11848.641,1151.941,1185.648,501.341
"109年 9月",23650.312,325.079,386.422,31.359,393.115,2565.802,2138.924,712.042,73.564,86.372,174.183,316.689,71.002,246.951,316.091,1484.694,11788.821,861.95,1148.298,528.954
"109年 10月",24790.254,322.998,362.492,29.674,397.286,2461.581,2203.437,748.099,88.857,84.259,172.084,304.527,64.283,252.632,352.935,1656.728,12100.725,1225.847,1214.71,747.1
"109年 11月",26795.624,335.939,379.062,32.961,455.912,2862.097,2272.758,828.483,96.958,89.26,184.497,313.34,66.24,252.89,565.122,1628.768,13355.14,1194.374,1256.323,625.5
"109年 12月",27286.281,320.113,444.897,39.502,432.35,2690.639,2434.866,850.22,93.174,89.134,210.386,314.339,84.949,265.769,417.777,1611.798,13502.289,1486.022,1360.495,637.562
"110年",381957.539,4037.329,5931.26,543.204,5420.3,57367.407,33648.721,11106.471,1076.135,1492.53,2745.082,3852.64,802.778,3313.092,5161.147,29127.533,178137.181,13442.802,17387.553,7364.374
"110年 1月",28170.023,375.139,485.65,40.136,464.803,3298.545,2565.524,895.017,101.574,95.845,198.999,343.333,84.662,256.067,413.451,1787.36,13814.646,1143.371,1194.808,611.093
"110年 2月",23386.978,222.897,354.036,27.82,332.282,3437.468,2125.277,703.422,70.342,80.812,148.614,233.825,57.895,223.234,306.631,1555.382,11188.841,841.578,1043.982,432.64
"110年 3月",32304.112,348.799,530.935,49.392,499.907,4286.961,2963.882,1054.112,105.007,114.905,247.301,341.85,84.604,295.654,514.129,2480.042,14899.598,1163.206,1711.552,612.276
"110年 4月",28850.87,312.971,455.242,43.988,422.495,4221.423,2591.784,874.196,91.24,122.371,198.311,301.187,66.332,268.492,398.793,2171.701,13163.385,1019.573,1518.347,609.039
"110年 5月",31327.893,319.999,578.807,48.173,461.682,4270.014,2895.757,984.134,91.911,160.029,238.505,311.787,74.619,287.984,473.952,2459.192,14240.322,1453.162,1391.008,586.856
"110年 6月",31554.748,330.202,503.347,45.628,467.949,4441.105,2875.238,937.953,77.581,152.306,251.707,296.945,76.846,268.391,407.308,2618.118,14309.364,1392.52,1407.909,694.331
"110年 7月",32089.818,318.732,540.556,41.864,441.277,5045.82,2702.65,918.663,73.073,142.545,221.278,280.061,57.49,254.423,410.609,2659.479,14979.498,1026.218,1438.376,537.206
"110年 8月",36096.632,349.682,524.832,41.377,496.028,5471.706,3087.114,1002.03,83.73,141.129,278.3,347.244,55.759,289.433,477.345,3173.73,16940.351,1077.831,1645.028,613.983
"110年 9月",33300.627,316.74,470.781,37.652,427.63,5126.596,2793.132,932.247,77.836,117.724,244.631,328.743,56.53,269.735,399.719,2505.63,16219.013,910.075,1466.167,600.046
"110年 10月",34142.329,323.497,464.924,50.225,422.684,5433.287,2986.801,897.636,99.116,110.689,243.257,330.965,50.803,281.99,387.843,2625.933,16279.172,1047.372,1505.45,600.685
"110年 11月",35797.91,399.835,522.327,55.949,473.537,6601.539,3125.955,970.953,105.204,132.979,239.98,372.059,66.659,311.299,438.74,2704.392,16075.847,1084.141,1389.951,726.564
"110年 12月",34935.599,418.836,499.823,61,510.026,5732.943,2935.607,936.108,99.521,121.196,234.199,364.641,70.579,306.39,532.627,2386.574,16027.144,1283.755,1674.975,739.655
"111年 (1~9月)",327048.159,3689.572,5318.15,493.978,4240.827,64355.81,28164.726,8407.692,881.375,1137.101,2109.323,2936.173,721.407,2603.228,3217.257,22876.254,146262.957,10681.5,13446.752,5504.077
"111年 1月",34968.928,436.238,656.54,60.974,494.432,6035.772,2882.167,914.75,109.912,135.361,207.666,357.383,85.114,316.36,406.777,2582.247,16084.138,1082.334,1485.1,635.663
"111年 2月",31627.983,358.586,377.568,43.289,408.835,5505.439,2790.956,870.2,91.963,106.125,211.052,256.229,58.044,267.625,309.295,2415.918,14607.268,1128.609,1336.596,484.386
"111年 3月",38585.884,437.736,716.593,54.189,497.352,6984.173,3265.438,1084.61,113.65,138.941,260.739,352.789,86.589,312.593,431.679,2850.301,17825.358,999.889,1553.4,619.865
"111年 4月",36552.353,401.059,517.721,48.094,422.856,6491.746,3591.549,916.719,90.004,127.151,205.258,280.136,62.674,278.807,445.695,2903.653,16195.568,1456.575,1540.709,576.379
"111年 5月",39662.325,433.941,704.562,74.797,479.555,7969.373,4131.715,1047.185,96.762,141.197,235.651,324.277,77.472,310.213,353.933,2968.697,16969.885,1256.701,1447.108,639.301
"111年 6月",37589.926,404.248,606.071,60.201,520.334,7021.262,3564.237,1009.651,95.929,131.294,256.318,307.531,80.73,298.375,325.03,2957.018,16558.055,1136.457,1602.557,654.628
"111年 7月",38215.977,404.854,656.653,47.062,488.081,8243.156,2995.715,974.878,103.055,111.698,276.641,340.563,87.612,309.707,300.804,2557.603,16642.642,1380.014,1673.586,621.653
"111年 8月",37334.079,451.844,626.466,64.464,521.098,8267.916,2745.016,867.354,95.832,140.183,242.173,379.035,91.004,278.13,349.341,2096.273,16671.331,1263.101,1449.828,733.69
"111年 9月",32510.704,361.066,455.976,40.908,408.284,7836.973,2197.933,722.345,84.268,105.151,213.825,338.23,92.168,231.418,294.703,1544.544,14708.712,977.82,1357.868,538.512

